Age,CAEC,CALC,CH2O,FAF,FAVC,FCVC,Gender,MTRANS_Automobile,MTRANS_Bike,MTRANS_Motorbike,MTRANS_Public_Transportation,MTRANS_Walking,NCP,SCC,SMOKE,TUE,family_history_with_overweight
-0.183656645691429,1.0,1.0,2.0,1.0,1.0,2.0,1.0,0.0,0.0,0.0,1.0,0.0,3.0,0.0,0.0,1.0,1.0
0.5422062382134926,1.0,0.0,2.0,3.0,1.0,2.0,0.0,1.0,0.0,0.0,0.0,0.0,3.0,0.0,0.0,2.0,1.0
0.3970336614325083,2.0,1.0,1.0,1.0,1.0,2.0,0.0,1.0,0.0,0.0,0.0,0.0,3.0,1.0,0.0,0.0,1.0
-0.9095195295963505,2.0,0.0,2.0,2.0,1.0,2.0,0.0,0.0,0.0,0.0,1.0,0.0,4.0,0.0,0.0,1.0,1.0
-0.183656645691429,1.0,1.0,2.0,1.0,1.0,3.0,1.0,1.0,0.0,0.0,0.0,0.0,3.0,0.0,0.0,0.0,1.0
-1.054692106377335,1.0,0.0,1.0,3.0,1.0,3.0,1.0,0.0,0.0,0.0,1.0,0.0,3.0,0.0,0.0,0.0,0.0
-0.3288292224724133,2.0,1.0,3.0,2.0,1.0,1.0,0.0,0.0,0.0,0.0,1.0,0.0,3.0,0.0,0.0,0.0,1.0
-0.9095195295963505,2.0,0.0,2.0,1.0,0.0,2.0,1.0,0.0,0.0,0.0,1.0,0.0,3.0,0.0,0.0,1.0,1.0
1.5584142756803827,1.0,0.0,1.0,2.0,1.0,3.0,0.0,1.0,0.0,0.0,0.0,0.0,3.0,1.0,0.0,0.0,0.0
-0.619174376034382,1.0,1.0,2.0,1.0,1.0,2.0,0.0,0.0,0.0,0.0,1.0,0.0,3.0,0.0,0.0,0.0,0.0
-0.03848406891044468,2.0,1.0,1.0,0.0,1.0,2.0,1.0,0.0,0.0,0.0,1.0,0.0,3.0,0.0,0.0,0.0,1.0
1.1228965453374298,2.0,1.0,2.0,1.0,1.0,3.0,1.0,1.0,0.0,0.0,0.0,0.0,1.0,0.0,0.0,1.0,1.0
-0.3288292224724133,1.0,0.0,1.0,0.0,0.0,2.0,0.0,0.0,0.0,0.0,1.0,0.0,3.0,0.0,0.0,1.0,1.0
-0.7643469528153662,1.0,1.0,2.0,1.0,1.0,2.0,0.0,0.0,0.0,0.0,1.0,0.0,3.0,0.0,0.0,1.0,0.0
-0.03848406891044468,1.0,0.0,1.0,0.0,1.0,3.0,0.0,0.0,0.0,0.0,1.0,0.0,3.0,0.0,0.0,0.0,0.0
-0.3288292224724133,2.0,1.0,1.0,0.0,0.0,3.0,0.0,0.0,0.0,1.0,0.0,0.0,1.0,0.0,0.0,0.0,0.0
-0.3288292224724133,1.0,1.0,2.0,0.0,1.0,2.0,0.0,0.0,0.0,0.0,1.0,0.0,3.0,0.0,0.0,1.0,1.0
0.8325513917754612,1.0,0.0,2.0,0.0,1.0,2.0,1.0,1.0,0.0,0.0,0.0,0.0,1.0,0.0,0.0,0.0,0.0
-0.03848406891044468,3.0,2.0,2.0,0.0,1.0,1.0,0.0,0.0,0.0,0.0,1.0,0.0,3.0,0.0,0.0,2.0,1.0
-0.3288292224724133,1.0,0.0,2.0,0.0,1.0,2.0,0.0,0.0,0.0,0.0,1.0,0.0,1.0,0.0,0.0,2.0,1.0
-0.3288292224724133,2.0,0.0,3.0,1.0,1.0,2.0,0.0,0.0,0.0,0.0,1.0,0.0,1.0,0.0,0.0,0.0,1.0
1.1228965453374298,1.0,1.0,1.0,1.0,0.0,2.0,1.0,0.0,0.0,0.0,1.0,0.0,1.0,0.0,0.0,0.0,1.0
0.25186108465152396,2.0,1.0,2.0,0.0,1.0,2.0,0.0,0.0,0.0,0.0,1.0,0.0,3.0,0.0,0.0,1.0,1.0
1.4132416988993985,1.0,1.0,1.0,0.0,0.0,2.0,0.0,0.0,0.0,0.0,0.0,1.0,3.0,0.0,0.0,2.0,0.0
-0.619174376034382,0.0,0.0,2.0,2.0,1.0,2.0,1.0,0.0,0.0,0.0,1.0,0.0,1.0,0.0,0.0,0.0,1.0
-0.47400179925339764,2.0,0.0,1.0,3.0,1.0,3.0,1.0,1.0,0.0,0.0,0.0,0.0,3.0,0.0,0.0,1.0,0.0
0.5422062382134926,1.0,0.0,2.0,1.0,1.0,2.0,0.0,0.0,0.0,0.0,0.0,1.0,1.0,0.0,0.0,0.0,1.0
-0.619174376034382,2.0,2.0,3.0,1.0,1.0,3.0,1.0,0.0,0.0,0.0,1.0,0.0,3.0,1.0,1.0,2.0,1.0
0.10668850787053964,1.0,0.0,2.0,2.0,1.0,3.0,1.0,0.0,0.0,0.0,1.0,0.0,3.0,0.0,0.0,0.0,0.0
1.4132416988993985,1.0,1.0,3.0,2.0,1.0,3.0,1.0,0.0,0.0,0.0,1.0,0.0,1.0,0.0,0.0,1.0,1.0
-0.47400179925339764,2.0,0.0,3.0,0.0,1.0,2.0,0.0,0.0,0.0,0.0,1.0,0.0,4.0,0.0,0.0,0.0,0.0
1.8487594292423515,1.0,1.0,1.0,2.0,0.0,3.0,1.0,1.0,0.0,0.0,0.0,0.0,3.0,0.0,0.0,0.0,1.0
-0.7643469528153662,3.0,0.0,1.0,1.0,1.0,3.0,1.0,0.0,0.0,0.0,1.0,0.0,1.0,0.0,0.0,0.0,1.0
0.10668850787053964,1.0,1.0,1.0,0.0,1.0,3.0,1.0,0.0,0.0,0.0,1.0,0.0,1.0,0.0,0.0,2.0,1.0
-0.03848406891044468,1.0,1.0,1.0,1.0,1.0,2.0,1.0,0.0,0.0,0.0,1.0,0.0,1.0,0.0,0.0,1.0,1.0
-0.7643469528153662,1.0,2.0,2.0,1.0,1.0,3.0,0.0,0.0,0.0,0.0,1.0,0.0,3.0,0.0,0.0,1.0,1.0
-0.619174376034382,1.0,1.0,1.0,0.0,1.0,3.0,1.0,0.0,0.0,0.0,1.0,0.0,3.0,0.0,0.0,1.0,1.0
0.8325513917754612,1.0,1.0,2.0,0.0,1.0,2.0,0.0,1.0,0.0,0.0,0.0,0.0,3.0,0.0,0.0,0.0,0.0
-1.1998646831583193,1.0,0.0,1.0,3.0,1.0,3.0,1.0,0.0,0.0,0.0,0.0,1.0,3.0,0.0,0.0,2.0,1.0
-0.3288292224724133,1.0,0.0,1.0,0.0,0.0,2.0,1.0,0.0,0.0,0.0,1.0,0.0,3.0,0.0,0.0,1.0,1.0
0.5422062382134926,1.0,1.0,1.0,1.0,1.0,2.0,0.0,0.0,0.0,0.0,1.0,0.0,1.0,0.0,0.0,0.0,1.0
-0.7643469528153662,1.0,0.0,1.0,0.0,1.0,2.0,1.0,1.0,0.0,0.0,0.0,0.0,3.0,0.0,0.0,0.0,0.0
-0.47400179925339764,1.0,1.0,1.0,0.0,0.0,2.0,0.0,0.0,0.0,0.0,1.0,0.0,3.0,0.0,0.0,0.0,0.0
0.5422062382134926,1.0,2.0,2.0,2.0,0.0,3.0,0.0,0.0,0.0,0.0,0.0,1.0,3.0,0.0,0.0,0.0,0.0
0.25186108465152396,1.0,0.0,3.0,3.0,1.0,3.0,0.0,0.0,0.0,1.0,0.0,0.0,3.0,1.0,0.0,0.0,0.0
-0.3288292224724133,1.0,1.0,3.0,3.0,1.0,2.0,1.0,0.0,0.0,0.0,1.0,0.0,3.0,0.0,0.0,1.0,1.0
-0.3288292224724133,1.0,1.0,2.0,0.0,1.0,3.0,0.0,0.0,0.0,0.0,1.0,0.0,3.0,0.0,0.0,1.0,1.0
-0.47400179925339764,1.0,1.0,3.0,2.0,0.0,2.0,0.0,0.0,0.0,0.0,1.0,0.0,3.0,0.0,0.0,1.0,1.0
-0.7643469528153662,1.0,1.0,1.0,1.0,1.0,2.0,0.0,0.0,0.0,0.0,1.0,0.0,3.0,0.0,0.0,0.0,0.0
-0.03848406891044468,1.0,2.0,2.0,2.0,1.0,2.0,0.0,0.0,0.0,0.0,0.0,1.0,3.0,0.0,0.0,2.0,0.0
-0.619174376034382,1.0,1.0,3.0,3.0,0.0,2.0,0.0,1.0,0.0,0.0,0.0,0.0,3.0,0.0,0.0,0.0,0.0
0.5422062382134926,3.0,1.0,2.0,0.0,1.0,3.0,1.0,1.0,0.0,0.0,0.0,0.0,3.0,0.0,0.0,0.0,0.0
-0.3288292224724133,2.0,3.0,2.0,1.0,1.0,2.0,0.0,0.0,0.0,0.0,0.0,1.0,1.0,0.0,0.0,2.0,1.0
-0.183656645691429,1.0,1.0,2.0,3.0,0.0,2.0,0.0,0.0,0.0,0.0,1.0,0.0,3.0,0.0,0.0,0.0,0.0
-0.7643469528153662,1.0,1.0,1.0,1.0,1.0,2.0,1.0,0.0,0.0,0.0,1.0,0.0,3.0,0.0,0.0,1.0,1.0
-0.183656645691429,1.0,0.0,3.0,3.0,0.0,2.0,0.0,0.0,0.0,0.0,0.0,1.0,3.0,0.0,0.0,2.0,1.0
0.3970336614325083,1.0,1.0,2.0,0.0,1.0,2.0,1.0,0.0,0.0,0.0,1.0,0.0,1.0,0.0,0.0,2.0,1.0
-0.619174376034382,1.0,1.0,2.0,2.0,1.0,2.0,0.0,0.0,0.0,0.0,1.0,0.0,1.0,0.0,0.0,0.0,1.0
-0.03848406891044468,1.0,1.0,2.0,1.0,1.0,2.0,0.0,0.0,0.0,0.0,1.0,0.0,3.0,0.0,0.0,1.0,1.0
-0.619174376034382,2.0,2.0,2.0,1.0,1.0,3.0,1.0,0.0,0.0,0.0,1.0,0.0,1.0,0.0,0.0,0.0,1.0
1.4132416988993985,1.0,1.0,1.0,1.0,1.0,2.0,0.0,0.0,0.0,0.0,0.0,1.0,3.0,0.0,0.0,1.0,1.0
-0.7643469528153662,1.0,1.0,2.0,0.0,1.0,1.0,0.0,0.0,0.0,0.0,1.0,0.0,3.0,0.0,0.0,1.0,0.0
-0.7643469528153662,2.0,2.0,2.0,1.0,1.0,2.0,1.0,0.0,0.0,0.0,1.0,0.0,3.0,1.0,0.0,2.0,0.0
0.10668850787053964,1.0,1.0,2.0,0.0,1.0,1.0,1.0,1.0,0.0,0.0,0.0,0.0,3.0,0.0,0.0,1.0,1.0
-0.619174376034382,2.0,0.0,1.0,2.0,1.0,3.0,0.0,0.0,0.0,0.0,1.0,0.0,3.0,0.0,0.0,0.0,0.0
-0.619174376034382,2.0,2.0,2.0,3.0,1.0,2.0,0.0,1.0,0.0,0.0,0.0,0.0,4.0,0.0,0.0,1.0,0.0
-0.47400179925339764,1.0,1.0,3.0,3.0,0.0,3.0,0.0,1.0,0.0,0.0,0.0,0.0,3.0,1.0,0.0,0.0,1.0
-0.03848406891044468,1.0,1.0,3.0,1.0,1.0,3.0,0.0,0.0,0.0,0.0,1.0,0.0,3.0,0.0,0.0,2.0,0.0
-0.619174376034382,3.0,1.0,2.0,2.0,1.0,2.0,1.0,0.0,0.0,0.0,1.0,0.0,3.0,0.0,0.0,1.0,1.0
0.25186108465152396,3.0,2.0,2.0,2.0,1.0,3.0,0.0,0.0,0.0,0.0,1.0,0.0,3.0,0.0,0.0,0.0,0.0
-0.47400179925339764,3.0,1.0,3.0,1.0,1.0,2.0,0.0,0.0,0.0,0.0,1.0,0.0,3.0,0.0,0.0,1.0,1.0
-0.03848406891044468,3.0,2.0,2.0,0.0,1.0,2.0,0.0,1.0,0.0,0.0,0.0,0.0,3.0,0.0,0.0,1.0,1.0
-0.47400179925339764,2.0,1.0,2.0,3.0,1.0,2.0,1.0,0.0,0.0,0.0,1.0,0.0,3.0,0.0,0.0,0.0,0.0
-0.183656645691429,1.0,1.0,2.0,1.0,1.0,2.0,1.0,0.0,0.0,0.0,1.0,0.0,1.0,0.0,0.0,0.0,1.0
1.5584142756803827,1.0,1.0,2.0,3.0,1.0,2.0,0.0,1.0,0.0,0.0,0.0,0.0,3.0,0.0,0.0,1.0,0.0
2.13910458280432,1.0,2.0,1.0,2.0,0.0,3.0,1.0,1.0,0.0,0.0,0.0,0.0,3.0,0.0,0.0,1.0,1.0
-0.3288292224724133,2.0,2.0,2.0,0.0,0.0,2.0,1.0,0.0,0.0,0.0,1.0,0.0,3.0,1.0,0.0,2.0,1.0
-0.3288292224724133,1.0,0.0,3.0,2.0,1.0,3.0,1.0,0.0,0.0,0.0,1.0,0.0,1.0,0.0,0.0,1.0,1.0
-0.3288292224724133,3.0,0.0,3.0,0.0,1.0,3.0,1.0,0.0,0.0,0.0,1.0,0.0,4.0,0.0,0.0,2.0,1.0
-0.3288292224724133,0.0,1.0,3.0,1.0,1.0,2.0,0.0,0.0,0.0,0.0,1.0,0.0,1.0,0.0,0.0,0.0,0.0
-0.619174376034382,1.0,0.0,1.0,1.0,1.0,3.0,1.0,0.0,0.0,0.0,1.0,0.0,3.0,0.0,0.0,1.0,1.0
2.13910458280432,3.0,1.0,2.0,0.0,1.0,2.0,1.0,1.0,0.0,0.0,0.0,0.0,1.0,0.0,1.0,0.0,1.0
-0.619174376034382,1.0,1.0,1.0,3.0,1.0,2.0,1.0,0.0,0.0,0.0,1.0,0.0,4.0,0.0,0.0,0.0,0.0
-0.47400179925339764,1.0,0.0,3.0,1.0,1.0,3.0,1.0,0.0,0.0,0.0,1.0,0.0,1.0,0.0,0.0,1.0,0.0
-0.619174376034382,0.0,0.0,3.0,2.0,0.0,3.0,1.0,0.0,0.0,0.0,0.0,1.0,3.0,1.0,0.0,0.0,0.0
-0.7643469528153662,1.0,1.0,2.0,0.0,0.0,2.0,1.0,0.0,0.0,0.0,0.0,1.0,3.0,0.0,0.0,1.0,0.0
0.9777239685564455,1.0,1.0,1.0,1.0,0.0,2.0,0.0,0.0,0.0,0.0,1.0,0.0,3.0,0.0,1.0,0.0,1.0
-0.7643469528153662,1.0,0.0,3.0,3.0,1.0,2.0,1.0,0.0,0.0,0.0,1.0,0.0,3.0,0.0,0.0,0.0,1.0
-0.619174376034382,2.0,1.0,1.0,1.0,1.0,3.0,1.0,0.0,0.0,0.0,0.0,1.0,3.0,0.0,0.0,2.0,1.0
0.10668850787053964,2.0,2.0,3.0,0.0,1.0,2.0,0.0,0.0,0.0,0.0,1.0,0.0,3.0,0.0,0.0,1.0,1.0
-0.47400179925339764,1.0,0.0,2.0,1.0,1.0,3.0,1.0,0.0,0.0,0.0,1.0,0.0,1.0,0.0,0.0,1.0,1.0
-0.7643469528153662,1.0,1.0,2.0,2.0,1.0,1.0,1.0,0.0,0.0,0.0,1.0,0.0,3.0,0.0,0.0,2.0,1.0
2.2842771595853044,2.0,1.0,2.0,0.0,1.0,3.0,1.0,0.0,0.0,0.0,1.0,0.0,4.0,0.0,0.0,0.0,0.0
-0.619174376034382,2.0,1.0,3.0,2.0,0.0,3.0,1.0,1.0,0.0,0.0,0.0,0.0,3.0,0.0,1.0,1.0,1.0
-0.9095195295963505,3.0,0.0,2.0,0.0,0.0,2.0,0.0,0.0,0.0,0.0,1.0,0.0,4.0,0.0,0.0,2.0,0.0
-0.7643469528153662,1.0,1.0,2.0,2.0,1.0,2.0,0.0,0.0,0.0,0.0,1.0,0.0,4.0,0.0,0.0,1.0,0.0
2.429449736366289,1.0,0.0,3.0,0.0,0.0,3.0,1.0,1.0,0.0,0.0,0.0,0.0,3.0,0.0,0.0,0.0,0.0
-0.9095195295963505,1.0,1.0,2.0,1.0,1.0,3.0,1.0,0.0,0.0,0.0,1.0,0.0,1.0,1.0,0.0,2.0,0.0
-0.47400179925339764,1.0,0.0,1.0,1.0,1.0,3.0,1.0,0.0,0.0,0.0,1.0,0.0,1.0,0.0,0.0,0.0,0.0
1.2680691221184142,1.0,0.0,3.0,0.0,0.0,3.0,0.0,1.0,0.0,0.0,0.0,0.0,3.0,0.0,0.0,2.0,1.0
-0.3288292224724133,1.0,0.0,1.0,1.0,1.0,2.0,1.0,0.0,0.0,0.0,1.0,0.0,1.0,0.0,0.0,1.0,0.0
-0.9095195295963505,1.0,1.0,2.0,0.0,1.0,3.0,0.0,0.0,0.0,0.0,0.0,1.0,3.0,0.0,0.0,2.0,1.0
-0.9095195295963505,1.0,0.0,1.0,1.0,1.0,1.0,1.0,1.0,0.0,0.0,0.0,0.0,3.0,0.0,0.0,1.0,1.0
-0.183656645691429,1.0,0.0,1.0,2.0,1.0,2.0,1.0,0.0,0.0,0.0,0.0,1.0,3.0,1.0,0.0,0.0,0.0
-0.183656645691429,1.0,1.0,2.0,1.0,0.0,2.0,0.0,0.0,1.0,0.0,0.0,0.0,3.0,0.0,0.0,2.0,1.0
0.25186108465152396,2.0,0.0,2.0,0.0,1.0,2.0,0.0,0.0,0.0,0.0,1.0,0.0,3.0,0.0,0.0,1.0,0.0
-0.619174376034382,1.0,0.0,1.0,1.0,1.0,2.0,0.0,0.0,0.0,0.0,1.0,0.0,3.0,0.0,0.0,0.0,0.0
-0.3288292224724133,1.0,0.0,2.0,3.0,0.0,1.0,1.0,0.0,0.0,0.0,1.0,0.0,1.0,0.0,0.0,0.0,1.0
-0.619174376034382,2.0,1.0,1.0,0.0,1.0,2.0,1.0,0.0,0.0,0.0,1.0,0.0,3.0,0.0,0.0,2.0,0.0
-0.7643469528153662,1.0,0.0,2.0,2.0,1.0,2.0,0.0,0.0,0.0,0.0,1.0,0.0,3.0,0.0,0.0,1.0,0.0
-0.47400179925339764,1.0,0.0,3.0,2.0,1.0,2.0,0.0,0.0,0.0,0.0,1.0,0.0,4.0,0.0,0.0,2.0,1.0
-0.183656645691429,1.0,0.0,1.0,0.0,1.0,2.0,1.0,0.0,0.0,0.0,1.0,0.0,1.0,0.0,0.0,0.0,1.0
-0.3288292224724133,1.0,1.0,3.0,0.0,1.0,3.0,1.0,0.0,0.0,0.0,1.0,0.0,1.0,0.0,1.0,0.0,1.0
-0.3288292224724133,1.0,1.0,2.0,2.0,0.0,2.0,1.0,0.0,0.0,0.0,1.0,0.0,1.0,1.0,0.0,0.0,1.0
-0.03848406891044468,1.0,1.0,2.0,1.0,1.0,3.0,1.0,0.0,0.0,1.0,0.0,0.0,3.0,0.0,0.0,0.0,1.0
1.9939320060233356,1.0,0.0,2.0,0.0,1.0,2.0,1.0,1.0,0.0,0.0,0.0,0.0,1.0,0.0,0.0,0.0,1.0
-0.7643469528153662,3.0,1.0,2.0,2.0,0.0,3.0,0.0,0.0,0.0,0.0,0.0,1.0,4.0,0.0,0.0,0.0,0.0
2.429449736366289,1.0,1.0,3.0,0.0,0.0,3.0,1.0,1.0,0.0,0.0,0.0,0.0,3.0,0.0,0.0,0.0,1.0
0.25186108465152396,1.0,1.0,2.0,2.0,1.0,2.0,0.0,0.0,0.0,0.0,1.0,0.0,1.0,0.0,0.0,1.0,1.0
-0.183656645691429,2.0,1.0,2.0,3.0,1.0,3.0,0.0,0.0,0.0,0.0,1.0,0.0,3.0,1.0,0.0,0.0,1.0
-0.3288292224724133,0.0,1.0,3.0,1.0,1.0,2.0,0.0,0.0,0.0,0.0,1.0,0.0,1.0,0.0,0.0,0.0,0.0
0.3970336614325083,2.0,1.0,3.0,2.0,1.0,3.0,0.0,0.0,0.0,0.0,1.0,0.0,3.0,0.0,0.0,2.0,1.0
0.10668850787053964,3.0,1.0,2.0,2.0,1.0,2.0,0.0,0.0,0.0,0.0,1.0,0.0,1.0,0.0,0.0,1.0,1.0
-0.183656645691429,2.0,1.0,2.0,1.0,1.0,3.0,1.0,0.0,0.0,0.0,1.0,0.0,4.0,0.0,0.0,0.0,1.0
0.9777239685564455,2.0,1.0,2.0,0.0,1.0,2.0,0.0,0.0,0.0,0.0,1.0,0.0,3.0,0.0,0.0,0.0,1.0
-0.03848406891044468,1.0,1.0,2.0,1.0,1.0,2.0,0.0,0.0,0.0,0.0,1.0,0.0,3.0,0.0,0.0,1.0,1.0
-0.619174376034382,1.0,0.0,1.0,1.0,1.0,2.0,0.0,0.0,0.0,0.0,1.0,0.0,3.0,0.0,0.0,1.0,0.0
-0.47400179925339764,1.0,0.0,2.0,1.0,0.0,2.0,0.0,0.0,0.0,0.0,0.0,1.0,3.0,0.0,0.0,2.0,1.0
-0.619174376034382,2.0,1.0,2.0,2.0,1.0,3.0,0.0,0.0,0.0,0.0,1.0,0.0,3.0,0.0,0.0,0.0,1.0
-0.7643469528153662,2.0,1.0,2.0,1.0,0.0,2.0,0.0,0.0,0.0,0.0,1.0,0.0,4.0,0.0,0.0,1.0,0.0
-0.7643469528153662,2.0,0.0,1.0,0.0,1.0,2.0,1.0,0.0,0.0,0.0,1.0,0.0,1.0,0.0,0.0,2.0,1.0
-0.03848406891044468,1.0,1.0,2.0,2.0,1.0,2.0,0.0,0.0,0.0,0.0,1.0,0.0,3.0,0.0,1.0,1.0,1.0
0.3970336614325083,1.0,1.0,2.0,0.0,1.0,2.0,0.0,0.0,0.0,0.0,0.0,1.0,3.0,0.0,0.0,1.0,1.0
-0.3288292224724133,1.0,1.0,2.0,2.0,1.0,3.0,1.0,0.0,0.0,0.0,1.0,0.0,3.0,0.0,0.0,1.0,0.0
-0.03848406891044468,2.0,0.0,3.0,3.0,1.0,3.0,1.0,0.0,0.0,0.0,1.0,0.0,3.0,0.0,0.0,0.0,1.0
0.8325513917754612,1.0,2.0,1.0,2.0,1.0,3.0,1.0,1.0,0.0,0.0,0.0,0.0,3.0,0.0,0.0,1.0,1.0
0.10668850787053964,2.0,2.0,2.0,2.0,0.0,3.0,1.0,0.0,0.0,0.0,1.0,0.0,3.0,0.0,0.0,2.0,0.0
0.25186108465152396,2.0,0.0,2.0,3.0,0.0,3.0,0.0,0.0,0.0,0.0,1.0,0.0,3.0,1.0,0.0,0.0,0.0
2.429449736366289,2.0,1.0,2.0,3.0,1.0,2.0,1.0,0.0,0.0,0.0,1.0,0.0,3.0,0.0,0.0,1.0,0.0
1.8487594292423515,1.0,1.0,1.0,0.0,0.0,3.0,1.0,1.0,0.0,0.0,0.0,0.0,3.0,0.0,0.0,0.0,1.0
-0.03848406891044468,1.0,2.0,2.0,2.0,0.0,2.0,0.0,0.0,0.0,0.0,1.0,0.0,3.0,0.0,0.0,1.0,1.0
4.607038388081054,2.0,2.0,3.0,3.0,0.0,3.0,0.0,0.0,0.0,0.0,0.0,1.0,4.0,1.0,0.0,0.0,1.0
0.8325513917754612,2.0,1.0,1.0,0.0,0.0,2.0,1.0,0.0,0.0,0.0,1.0,0.0,3.0,0.0,0.0,1.0,1.0
-0.03848406891044468,0.0,1.0,3.0,0.0,0.0,2.0,0.0,0.0,0.0,0.0,1.0,0.0,3.0,0.0,0.0,1.0,1.0
-0.619174376034382,1.0,1.0,2.0,2.0,1.0,2.0,0.0,0.0,1.0,0.0,0.0,0.0,3.0,0.0,0.0,0.0,0.0
0.10668850787053964,1.0,0.0,2.0,1.0,1.0,3.0,0.0,0.0,0.0,0.0,1.0,0.0,1.0,0.0,0.0,0.0,1.0
-0.9095195295963505,1.0,1.0,1.0,2.0,1.0,1.0,1.0,0.0,0.0,0.0,0.0,1.0,3.0,0.0,0.0,2.0,0.0
-0.03848406891044468,1.0,1.0,2.0,3.0,0.0,2.0,1.0,0.0,0.0,0.0,1.0,0.0,3.0,0.0,0.0,0.0,1.0
1.5584142756803827,1.0,1.0,1.0,0.0,1.0,3.0,1.0,1.0,0.0,0.0,0.0,0.0,1.0,0.0,0.0,0.0,0.0
-0.619174376034382,0.0,0.0,3.0,3.0,1.0,3.0,1.0,0.0,0.0,0.0,1.0,0.0,3.0,1.0,0.0,1.0,1.0
2.429449736366289,1.0,0.0,2.0,2.0,1.0,2.0,1.0,0.0,0.0,0.0,1.0,0.0,1.0,0.0,0.0,0.0,1.0
-0.03848406891044468,1.0,1.0,2.0,1.0,1.0,3.0,0.0,0.0,0.0,0.0,1.0,0.0,3.0,0.0,0.0,0.0,1.0
-0.3288292224724133,3.0,1.0,1.0,0.0,1.0,3.0,0.0,0.0,0.0,0.0,1.0,0.0,1.0,0.0,0.0,0.0,1.0
-0.3288292224724133,2.0,1.0,1.0,0.0,0.0,3.0,1.0,0.0,0.0,0.0,1.0,0.0,1.0,0.0,0.0,0.0,0.0
-0.7643469528153662,1.0,1.0,2.0,1.0,1.0,2.0,0.0,0.0,0.0,0.0,1.0,0.0,1.0,0.0,1.0,2.0,1.0
0.9777239685564455,0.0,2.0,2.0,0.0,1.0,1.0,0.0,1.0,0.0,0.0,0.0,0.0,3.0,1.0,1.0,0.0,1.0
-0.183656645691429,1.0,1.0,2.0,0.0,1.0,1.0,1.0,0.0,0.0,0.0,1.0,0.0,1.0,0.0,0.0,2.0,1.0
-0.3288292224724133,1.0,1.0,1.0,1.0,1.0,2.0,1.0,0.0,0.0,0.0,1.0,0.0,3.0,0.0,0.0,0.0,0.0
-0.183656645691429,1.0,1.0,3.0,2.0,0.0,2.0,0.0,0.0,0.0,0.0,1.0,0.0,4.0,1.0,0.0,2.0,1.0
-0.3288292224724133,2.0,0.0,1.0,1.0,0.0,3.0,0.0,0.0,0.0,0.0,0.0,1.0,4.0,0.0,0.0,0.0,1.0
-0.03848406891044468,1.0,1.0,1.0,0.0,1.0,2.0,1.0,0.0,0.0,0.0,1.0,0.0,1.0,0.0,1.0,0.0,1.0
0.3970336614325083,1.0,1.0,1.0,0.0,1.0,3.0,1.0,0.0,0.0,0.0,1.0,0.0,3.0,0.0,1.0,1.0,1.0
-0.47400179925339764,1.0,1.0,3.0,0.0,1.0,3.0,1.0,0.0,0.0,0.0,1.0,0.0,3.0,0.0,0.0,1.0,0.0
-0.9095195295963505,2.0,0.0,2.0,2.0,1.0,2.0,0.0,0.0,0.0,0.0,0.0,1.0,3.0,0.0,0.0,1.0,0.0
-0.47400179925339764,1.0,1.0,2.0,1.0,1.0,1.0,0.0,0.0,0.0,0.0,1.0,0.0,1.0,0.0,0.0,1.0,1.0
-0.619174376034382,2.0,1.0,1.0,2.0,1.0,1.0,0.0,0.0,0.0,0.0,1.0,0.0,4.0,0.0,0.0,1.0,0.0
-0.3288292224724133,1.0,1.0,1.0,1.0,1.0,2.0,1.0,0.0,0.0,0.0,1.0,0.0,3.0,0.0,0.0,1.0,0.0
-0.7643469528153662,2.0,1.0,1.0,2.0,1.0,3.0,0.0,0.0,0.0,0.0,1.0,0.0,3.0,0.0,0.0,1.0,0.0
-0.7643469528153662,1.0,0.0,3.0,1.0,0.0,2.0,0.0,0.0,0.0,0.0,1.0,0.0,3.0,0.0,0.0,0.0,1.0
-0.7643469528153662,3.0,2.0,2.0,0.0,1.0,2.0,0.0,0.0,0.0,0.0,1.0,0.0,3.0,0.0,0.0,0.0,1.0
2.574622313147273,1.0,2.0,1.0,1.0,0.0,2.0,0.0,1.0,0.0,0.0,0.0,0.0,1.0,0.0,0.0,0.0,1.0
-0.183656645691429,2.0,0.0,3.0,1.0,1.0,3.0,1.0,0.0,0.0,0.0,1.0,0.0,3.0,0.0,0.0,0.0,1.0
-0.7643469528153662,1.0,0.0,2.0,0.0,0.0,2.0,0.0,0.0,0.0,0.0,1.0,0.0,3.0,0.0,0.0,0.0,1.0
-0.3288292224724133,1.0,1.0,3.0,1.0,1.0,2.0,1.0,0.0,0.0,0.0,1.0,0.0,3.0,0.0,0.0,0.0,1.0
0.5422062382134926,1.0,2.0,3.0,1.0,1.0,3.0,0.0,0.0,0.0,0.0,1.0,0.0,3.0,0.0,0.0,1.0,0.0
0.5422062382134926,2.0,1.0,2.0,2.0,1.0,3.0,0.0,0.0,0.0,0.0,0.0,1.0,1.0,0.0,0.0,1.0,1.0
-0.7643469528153662,2.0,1.0,2.0,0.0,1.0,3.0,1.0,0.0,0.0,0.0,1.0,0.0,3.0,0.0,0.0,1.0,1.0
0.3970336614325083,1.0,0.0,1.0,1.0,1.0,3.0,1.0,0.0,0.0,0.0,0.0,1.0,3.0,0.0,0.0,0.0,0.0
-0.47400179925339764,2.0,1.0,1.0,1.0,1.0,2.0,0.0,0.0,0.0,0.0,1.0,0.0,3.0,0.0,0.0,1.0,0.0
-0.3288292224724133,3.0,1.0,3.0,3.0,1.0,2.0,0.0,0.0,0.0,0.0,0.0,1.0,4.0,0.0,1.0,2.0,0.0
1.4132416988993985,2.0,1.0,2.0,1.0,1.0,2.0,0.0,1.0,0.0,0.0,0.0,0.0,3.0,0.0,0.0,0.0,0.0
-0.3288292224724133,2.0,1.0,2.0,0.0,1.0,3.0,0.0,0.0,0.0,0.0,1.0,0.0,4.0,0.0,1.0,0.0,0.0
-0.03848406891044468,3.0,0.0,3.0,0.0,1.0,2.0,0.0,0.0,0.0,0.0,1.0,0.0,3.0,0.0,0.0,2.0,1.0
-0.3288292224724133,1.0,1.0,1.0,1.0,1.0,2.0,1.0,0.0,0.0,0.0,1.0,0.0,1.0,0.0,0.0,0.0,0.0
-0.7643469528153662,2.0,1.0,2.0,1.0,1.0,2.0,1.0,0.0,0.0,0.0,1.0,0.0,4.0,0.0,0.0,0.0,1.0
-0.3288292224724133,0.0,1.0,3.0,1.0,1.0,2.0,0.0,0.0,0.0,0.0,1.0,0.0,1.0,0.0,0.0,0.0,0.0
-0.619174376034382,2.0,0.0,2.0,1.0,0.0,2.0,0.0,0.0,0.0,0.0,1.0,0.0,3.0,0.0,0.0,0.0,1.0
0.9777239685564455,1.0,1.0,1.0,0.0,1.0,2.0,1.0,0.0,0.0,0.0,1.0,0.0,3.0,0.0,0.0,0.0,1.0
0.8325513917754612,1.0,1.0,1.0,0.0,1.0,1.0,0.0,0.0,0.0,0.0,1.0,0.0,3.0,0.0,0.0,0.0,1.0
-0.9095195295963505,1.0,1.0,1.0,2.0,0.0,2.0,0.0,0.0,0.0,0.0,1.0,0.0,3.0,0.0,0.0,1.0,1.0
0.10668850787053964,1.0,1.0,2.0,0.0,1.0,3.0,0.0,0.0,0.0,1.0,0.0,0.0,3.0,0.0,0.0,0.0,0.0
1.5584142756803827,1.0,1.0,2.0,1.0,0.0,3.0,1.0,1.0,0.0,0.0,0.0,0.0,1.0,0.0,0.0,0.0,1.0
0.3970336614325083,1.0,0.0,2.0,2.0,0.0,2.0,0.0,1.0,0.0,0.0,0.0,0.0,3.0,0.0,0.0,0.0,0.0
1.703586852461367,2.0,1.0,3.0,2.0,0.0,3.0,0.0,1.0,0.0,0.0,0.0,0.0,3.0,0.0,0.0,1.0,1.0
0.25186108465152396,1.0,1.0,2.0,1.0,1.0,2.0,0.0,0.0,0.0,0.0,1.0,0.0,3.0,0.0,0.0,1.0,1.0
2.574622313147273,1.0,1.0,2.0,0.0,1.0,2.0,0.0,0.0,1.0,0.0,0.0,0.0,3.0,0.0,0.0,0.0,1.0
-0.7643469528153662,1.0,0.0,1.0,1.0,0.0,3.0,0.0,0.0,0.0,0.0,1.0,0.0,1.0,0.0,0.0,0.0,0.0
4.026348080957116,1.0,0.0,3.0,2.0,0.0,3.0,1.0,0.0,0.0,0.0,1.0,0.0,3.0,1.0,1.0,0.0,1.0
-0.9095195295963505,2.0,0.0,2.0,0.0,1.0,3.0,1.0,0.0,0.0,0.0,1.0,0.0,3.0,0.0,0.0,1.0,1.0
-0.03848406891044468,2.0,0.0,2.0,0.0,1.0,2.0,1.0,0.0,0.0,0.0,0.0,1.0,3.0,0.0,1.0,2.0,1.0
-0.03848406891044468,3.0,0.0,3.0,3.0,0.0,3.0,1.0,1.0,0.0,0.0,0.0,0.0,4.0,1.0,0.0,0.0,0.0
-0.03848406891044468,1.0,0.0,2.0,0.0,1.0,2.0,1.0,0.0,0.0,0.0,1.0,0.0,1.0,0.0,0.0,0.0,1.0
-0.03848406891044468,0.0,1.0,2.0,2.0,0.0,3.0,0.0,1.0,0.0,0.0,0.0,0.0,3.0,0.0,0.0,1.0,0.0
-0.03848406891044468,2.0,1.0,2.0,2.0,0.0,3.0,1.0,0.0,0.0,0.0,1.0,0.0,3.0,0.0,0.0,0.0,0.0
-0.619174376034382,1.0,1.0,3.0,1.0,1.0,3.0,1.0,0.0,0.0,0.0,1.0,0.0,1.0,1.0,0.0,0.0,0.0
-0.3288292224724133,3.0,1.0,1.0,0.0,1.0,2.0,0.0,0.0,0.0,0.0,1.0,0.0,3.0,0.0,0.0,0.0,1.0
-0.9095195295963505,1.0,0.0,1.0,0.0,1.0,2.0,1.0,0.0,0.0,0.0,1.0,0.0,3.0,0.0,0.0,1.0,1.0
-0.183656645691429,3.0,1.0,1.0,0.0,1.0,2.0,0.0,1.0,0.0,0.0,0.0,0.0,3.0,0.0,0.0,1.0,1.0
-0.9095195295963505,1.0,0.0,2.0,1.0,1.0,2.0,1.0,0.0,0.0,0.0,1.0,0.0,3.0,0.0,0.0,2.0,0.0
-0.9095195295963505,3.0,0.0,2.0,3.0,1.0,2.0,0.0,0.0,0.0,0.0,1.0,0.0,3.0,0.0,0.0,1.0,0.0
5.47807384876696,3.0,2.0,2.0,1.0,1.0,3.0,1.0,0.0,0.0,0.0,1.0,0.0,3.0,0.0,0.0,1.0,0.0
-0.9095195295963505,1.0,1.0,3.0,1.0,1.0,2.0,0.0,0.0,0.0,0.0,0.0,1.0,3.0,0.0,0.0,1.0,1.0
-0.3288292224724133,0.0,0.0,2.0,2.0,0.0,1.0,0.0,0.0,0.0,0.0,1.0,0.0,3.0,0.0,0.0,0.0,0.0
-0.619174376034382,1.0,1.0,2.0,2.0,1.0,3.0,1.0,1.0,0.0,0.0,0.0,0.0,3.0,0.0,0.0,1.0,0.0
-0.3288292224724133,2.0,0.0,2.0,0.0,1.0,1.0,1.0,0.0,0.0,0.0,1.0,0.0,3.0,0.0,0.0,1.0,1.0
-0.9095195295963505,1.0,1.0,3.0,2.0,0.0,2.0,0.0,0.0,0.0,0.0,0.0,1.0,3.0,0.0,0.0,1.0,0.0
-0.03848406891044468,1.0,0.0,2.0,0.0,0.0,2.0,0.0,0.0,0.0,0.0,1.0,0.0,3.0,0.0,0.0,0.0,1.0
-0.47400179925339764,3.0,0.0,2.0,0.0,1.0,1.0,1.0,1.0,0.0,0.0,0.0,0.0,3.0,0.0,0.0,2.0,1.0
2.2842771595853044,1.0,2.0,3.0,1.0,0.0,2.0,0.0,1.0,0.0,0.0,0.0,0.0,3.0,0.0,0.0,0.0,1.0
0.5422062382134926,1.0,2.0,2.0,0.0,1.0,2.0,0.0,1.0,0.0,0.0,0.0,0.0,1.0,0.0,0.0,0.0,1.0
-0.183656645691429,1.0,1.0,3.0,2.0,0.0,3.0,0.0,0.0,0.0,0.0,1.0,0.0,3.0,0.0,0.0,0.0,0.0
-0.3288292224724133,1.0,1.0,2.0,2.0,0.0,2.0,1.0,0.0,0.0,0.0,1.0,0.0,3.0,0.0,0.0,2.0,1.0
-0.619174376034382,1.0,1.0,2.0,3.0,1.0,3.0,0.0,0.0,0.0,0.0,1.0,0.0,3.0,1.0,0.0,1.0,1.0
-0.183656645691429,1.0,1.0,2.0,2.0,1.0,2.0,0.0,0.0,0.0,0.0,1.0,0.0,1.0,0.0,0.0,1.0,0.0
-0.03848406891044468,2.0,2.0,1.0,1.0,1.0,2.0,0.0,1.0,0.0,0.0,0.0,0.0,3.0,0.0,1.0,1.0,0.0
-0.3288292224724133,2.0,1.0,1.0,2.0,1.0,3.0,0.0,0.0,0.0,0.0,1.0,0.0,3.0,0.0,0.0,0.0,1.0
0.3970336614325083,3.0,0.0,2.0,2.0,0.0,3.0,1.0,0.0,0.0,0.0,0.0,1.0,4.0,0.0,0.0,0.0,0.0
-0.03848406891044468,1.0,1.0,1.0,1.0,1.0,2.0,0.0,0.0,0.0,0.0,1.0,0.0,1.0,0.0,0.0,1.0,1.0
0.3970336614325083,2.0,2.0,2.0,2.0,0.0,3.0,0.0,0.0,0.0,0.0,1.0,0.0,1.0,0.0,0.0,0.0,1.0
-0.47400179925339764,1.0,1.0,1.0,0.0,1.0,2.0,1.0,1.0,0.0,0.0,0.0,0.0,3.0,0.0,0.0,0.0,0.0
-0.9095195295963505,1.0,0.0,3.0,1.0,1.0,2.0,1.0,0.0,0.0,0.0,1.0,0.0,1.0,0.0,0.0,1.0,0.0
-0.9095195295963505,1.0,0.0,2.0,3.0,0.0,3.0,0.0,0.0,0.0,0.0,0.0,1.0,3.0,0.0,0.0,1.0,0.0
1.9939320060233356,1.0,1.0,2.0,1.0,0.0,3.0,1.0,1.0,0.0,0.0,0.0,0.0,3.0,0.0,0.0,0.0,1.0
0.3970336614325083,2.0,2.0,2.0,2.0,1.0,3.0,0.0,0.0,0.0,0.0,1.0,0.0,3.0,0.0,1.0,2.0,1.0
-0.03848406891044468,2.0,0.0,2.0,0.0,0.0,2.0,0.0,0.0,0.0,0.0,0.0,1.0,4.0,0.0,0.0,0.0,0.0
-0.9095195295963505,3.0,1.0,2.0,1.0,1.0,3.0,0.0,0.0,0.0,0.0,1.0,0.0,1.0,1.0,0.0,2.0,1.0
-0.619174376034382,2.0,0.0,2.0,2.0,1.0,2.0,0.0,0.0,0.0,0.0,1.0,0.0,3.0,0.0,0.0,0.0,1.0
-0.7643469528153662,2.0,0.0,1.0,1.0,1.0,2.0,1.0,0.0,0.0,0.0,1.0,0.0,3.0,0.0,0.0,1.0,1.0
-0.183656645691429,1.0,0.0,2.0,0.0,0.0,3.0,1.0,0.0,0.0,0.0,1.0,0.0,3.0,0.0,0.0,0.0,1.0
-0.47400179925339764,1.0,1.0,2.0,3.0,1.0,1.0,1.0,0.0,0.0,0.0,1.0,0.0,3.0,0.0,0.0,2.0,1.0
-0.183656645691429,1.0,1.0,2.0,0.0,0.0,2.0,0.0,0.0,0.0,0.0,1.0,0.0,1.0,0.0,0.0,0.0,0.0
-0.7643469528153662,1.0,1.0,3.0,1.0,0.0,2.0,0.0,0.0,0.0,0.0,1.0,0.0,3.0,0.0,0.0,0.0,1.0
-0.03848406891044468,2.0,1.0,1.0,2.0,1.0,3.0,0.0,0.0,0.0,0.0,1.0,0.0,1.0,0.0,0.0,1.0,0.0
-0.3288292224724133,1.0,1.0,1.0,0.0,1.0,3.0,1.0,0.0,0.0,0.0,1.0,0.0,1.0,0.0,0.0,0.0,0.0
-0.47400179925339764,1.0,0.0,1.0,0.0,1.0,2.0,1.0,1.0,0.0,0.0,0.0,0.0,3.0,0.0,0.0,1.0,0.0
-0.47400179925339764,1.0,1.0,2.0,0.0,0.0,3.0,0.0,0.0,0.0,0.0,1.0,0.0,1.0,0.0,0.0,0.0,1.0
-0.3288292224724133,1.0,0.0,2.0,1.0,1.0,3.0,0.0,0.0,0.0,0.0,1.0,0.0,3.0,0.0,0.0,0.0,1.0
-0.7643469528153662,2.0,1.0,2.0,1.0,1.0,2.0,0.0,0.0,0.0,0.0,1.0,0.0,3.0,0.0,0.0,0.0,1.0
-0.3288292224724133,2.0,1.0,1.0,0.0,0.0,3.0,1.0,0.0,0.0,0.0,1.0,0.0,1.0,0.0,0.0,0.0,0.0
-0.3288292224724133,2.0,0.0,1.0,1.0,1.0,2.0,0.0,0.0,0.0,0.0,1.0,0.0,3.0,0.0,0.0,1.0,1.0
-0.3288292224724133,1.0,1.0,3.0,0.0,1.0,3.0,0.0,0.0,0.0,0.0,1.0,0.0,3.0,0.0,0.0,2.0,1.0
-0.47400179925339764,1.0,1.0,2.0,3.0,1.0,2.0,0.0,0.0,0.0,0.0,1.0,0.0,3.0,0.0,0.0,1.0,0.0
-0.3288292224724133,2.0,1.0,3.0,2.0,1.0,1.0,0.0,0.0,0.0,0.0,1.0,0.0,3.0,0.0,0.0,0.0,1.0
0.10668850787053964,1.0,1.0,3.0,1.0,0.0,2.0,1.0,0.0,0.0,0.0,0.0,1.0,3.0,0.0,0.0,1.0,0.0
2.13910458280432,2.0,2.0,2.0,0.0,1.0,3.0,0.0,1.0,0.0,0.0,0.0,0.0,3.0,0.0,0.0,0.0,0.0
-0.03848406891044468,2.0,1.0,1.0,0.0,0.0,3.0,0.0,0.0,0.0,0.0,1.0,0.0,4.0,0.0,0.0,0.0,1.0
-0.03848406891044468,1.0,1.0,3.0,1.0,0.0,3.0,1.0,0.0,0.0,0.0,1.0,0.0,1.0,0.0,1.0,2.0,1.0
-0.183656645691429,1.0,0.0,3.0,1.0,0.0,2.0,0.0,0.0,0.0,0.0,1.0,0.0,3.0,0.0,0.0,1.0,0.0
-0.03848406891044468,2.0,1.0,2.0,2.0,1.0,2.0,1.0,1.0,0.0,0.0,0.0,0.0,4.0,0.0,0.0,1.0,0.0
-0.3288292224724133,1.0,1.0,2.0,0.0,1.0,2.0,1.0,0.0,0.0,0.0,1.0,0.0,1.0,0.0,0.0,2.0,0.0
-0.47400179925339764,1.0,1.0,3.0,2.0,1.0,3.0,0.0,0.0,0.0,0.0,0.0,1.0,4.0,0.0,0.0,0.0,1.0
-0.3288292224724133,1.0,0.0,1.0,1.0,1.0,2.0,0.0,0.0,0.0,0.0,1.0,0.0,3.0,0.0,0.0,0.0,0.0
-0.9095195295963505,1.0,0.0,1.0,0.0,1.0,3.0,1.0,0.0,0.0,0.0,1.0,0.0,3.0,0.0,0.0,2.0,0.0
-0.3288292224724133,3.0,1.0,2.0,2.0,1.0,3.0,1.0,0.0,0.0,0.0,1.0,0.0,3.0,0.0,1.0,0.0,1.0
1.4132416988993985,1.0,1.0,2.0,3.0,0.0,2.0,0.0,1.0,0.0,0.0,0.0,0.0,3.0,0.0,0.0,1.0,0.0
1.1228965453374298,3.0,0.0,3.0,3.0,0.0,3.0,0.0,0.0,1.0,0.0,0.0,0.0,3.0,1.0,0.0,0.0,1.0
-0.183656645691429,0.0,1.0,2.0,0.0,1.0,2.0,0.0,0.0,0.0,0.0,1.0,0.0,1.0,0.0,0.0,0.0,0.0
0.10668850787053964,1.0,1.0,2.0,1.0,1.0,2.0,0.0,1.0,0.0,0.0,0.0,0.0,3.0,0.0,0.0,0.0,1.0
-0.47400179925339764,2.0,1.0,1.0,0.0,1.0,3.0,0.0,0.0,0.0,0.0,1.0,0.0,3.0,0.0,0.0,0.0,1.0
-0.7643469528153662,1.0,1.0,1.0,0.0,1.0,3.0,1.0,1.0,0.0,0.0,0.0,0.0,3.0,0.0,0.0,0.0,0.0
0.10668850787053964,1.0,2.0,2.0,1.0,1.0,3.0,0.0,0.0,0.0,0.0,1.0,0.0,3.0,0.0,0.0,1.0,1.0
-0.7643469528153662,1.0,1.0,2.0,3.0,1.0,3.0,0.0,0.0,0.0,0.0,1.0,0.0,3.0,0.0,0.0,0.0,1.0
-0.7643469528153662,2.0,0.0,1.0,1.0,1.0,3.0,1.0,0.0,0.0,0.0,1.0,0.0,3.0,0.0,0.0,2.0,1.0
-0.3288292224724133,2.0,0.0,1.0,1.0,1.0,2.0,1.0,0.0,0.0,0.0,1.0,0.0,3.0,0.0,0.0,1.0,1.0
0.3970336614325083,1.0,1.0,1.0,0.0,1.0,2.0,0.0,0.0,0.0,0.0,1.0,0.0,3.0,0.0,1.0,0.0,0.0
-0.03848406891044468,1.0,1.0,1.0,1.0,1.0,3.0,0.0,0.0,0.0,0.0,1.0,0.0,1.0,0.0,0.0,1.0,1.0
1.703586852461367,2.0,0.0,1.0,0.0,0.0,3.0,1.0,1.0,0.0,0.0,0.0,0.0,3.0,0.0,0.0,1.0,1.0
-0.3288292224724133,1.0,1.0,2.0,1.0,1.0,2.0,1.0,0.0,0.0,0.0,1.0,0.0,3.0,0.0,0.0,0.0,1.0
-0.7643469528153662,3.0,1.0,2.0,1.0,1.0,2.0,1.0,0.0,0.0,0.0,0.0,1.0,1.0,0.0,0.0,0.0,1.0
-0.7643469528153662,1.0,0.0,1.0,1.0,0.0,1.0,1.0,0.0,0.0,0.0,1.0,0.0,3.0,0.0,0.0,2.0,0.0
-0.03848406891044468,2.0,1.0,2.0,3.0,0.0,3.0,1.0,0.0,0.0,0.0,0.0,1.0,3.0,0.0,0.0,0.0,1.0
-0.7643469528153662,1.0,1.0,2.0,1.0,0.0,3.0,0.0,0.0,0.0,0.0,1.0,0.0,3.0,0.0,0.0,1.0,0.0
1.4132416988993985,3.0,2.0,2.0,1.0,1.0,2.0,0.0,1.0,0.0,0.0,0.0,0.0,1.0,0.0,0.0,2.0,1.0
-0.47400179925339764,1.0,0.0,2.0,1.0,0.0,2.0,0.0,0.0,0.0,0.0,1.0,0.0,3.0,0.0,0.0,1.0,0.0
-0.7643469528153662,2.0,0.0,2.0,3.0,1.0,3.0,0.0,0.0,0.0,0.0,0.0,1.0,3.0,0.0,0.0,2.0,1.0
-0.3288292224724133,3.0,0.0,2.0,3.0,1.0,1.0,1.0,1.0,0.0,0.0,0.0,0.0,3.0,1.0,0.0,0.0,0.0
0.9777239685564455,0.0,1.0,2.0,1.0,0.0,2.0,0.0,0.0,0.0,0.0,0.0,1.0,3.0,1.0,0.0,0.0,1.0
0.10668850787053964,1.0,0.0,2.0,0.0,0.0,2.0,1.0,0.0,0.0,0.0,1.0,0.0,1.0,0.0,0.0,0.0,1.0
-1.054692106377335,1.0,0.0,1.0,0.0,0.0,2.0,1.0,0.0,0.0,0.0,0.0,1.0,1.0,0.0,0.0,1.0,0.0
-0.7643469528153662,1.0,0.0,1.0,0.0,0.0,2.0,1.0,0.0,0.0,0.0,1.0,0.0,1.0,0.0,0.0,2.0,0.0
-0.47400179925339764,1.0,2.0,3.0,0.0,0.0,2.0,0.0,1.0,0.0,0.0,0.0,0.0,1.0,0.0,0.0,0.0,1.0
-0.7643469528153662,2.0,1.0,1.0,1.0,1.0,2.0,1.0,0.0,0.0,0.0,1.0,0.0,3.0,0.0,0.0,1.0,1.0
-0.7643469528153662,1.0,2.0,1.0,0.0,1.0,2.0,1.0,1.0,0.0,0.0,0.0,0.0,3.0,0.0,0.0,0.0,0.0
-1.054692106377335,3.0,1.0,2.0,0.0,1.0,2.0,1.0,0.0,0.0,0.0,1.0,0.0,4.0,0.0,0.0,1.0,0.0
-0.9095195295963505,1.0,1.0,1.0,3.0,0.0,2.0,0.0,0.0,0.0,0.0,0.0,1.0,3.0,0.0,0.0,2.0,1.0
-0.03848406891044468,1.0,1.0,2.0,0.0,1.0,2.0,0.0,0.0,0.0,0.0,0.0,1.0,3.0,0.0,0.0,1.0,1.0
2.574622313147273,3.0,1.0,1.0,0.0,1.0,2.0,1.0,1.0,0.0,0.0,0.0,0.0,3.0,0.0,0.0,0.0,1.0
4.607038388081054,1.0,0.0,2.0,1.0,1.0,2.0,0.0,1.0,0.0,0.0,0.0,0.0,3.0,0.0,0.0,0.0,0.0
-0.3288292224724133,1.0,2.0,2.0,1.0,1.0,2.0,0.0,0.0,0.0,0.0,1.0,0.0,3.0,0.0,1.0,1.0,1.0
-0.3288292224724133,2.0,2.0,3.0,3.0,0.0,2.0,0.0,1.0,0.0,0.0,0.0,0.0,3.0,1.0,0.0,1.0,0.0
-0.47400179925339764,1.0,1.0,2.0,1.0,1.0,2.0,0.0,0.0,0.0,0.0,1.0,0.0,3.0,0.0,0.0,0.0,0.0
-1.054692106377335,1.0,0.0,1.0,0.0,0.0,2.0,1.0,0.0,0.0,0.0,0.0,1.0,1.0,0.0,0.0,1.0,0.0
-0.7643469528153662,2.0,1.0,1.0,0.0,1.0,1.0,1.0,0.0,0.0,0.0,1.0,0.0,3.0,0.0,0.0,1.0,1.0
0.25186108465152396,1.0,1.0,2.0,2.0,1.0,2.0,1.0,0.0,0.0,0.0,1.0,0.0,1.0,0.0,0.0,0.0,0.0
-0.03848406891044468,0.0,0.0,2.0,2.0,0.0,3.0,1.0,0.0,0.0,0.0,1.0,0.0,3.0,1.0,0.0,1.0,1.0
-1.054692106377335,1.0,0.0,2.0,0.0,1.0,1.0,1.0,0.0,0.0,0.0,1.0,0.0,1.0,0.0,0.0,0.0,1.0
-0.3288292224724133,1.0,1.0,3.0,3.0,0.0,3.0,1.0,0.0,0.0,0.0,1.0,0.0,3.0,1.0,1.0,0.0,1.0
-0.7643469528153662,1.0,1.0,2.0,2.0,1.0,3.0,0.0,1.0,0.0,0.0,0.0,0.0,4.0,1.0,0.0,0.0,1.0
-0.619174376034382,2.0,2.0,3.0,1.0,1.0,2.0,0.0,0.0,0.0,0.0,1.0,0.0,3.0,0.0,0.0,2.0,1.0
-0.3288292224724133,1.0,1.0,2.0,0.0,1.0,2.0,1.0,0.0,0.0,0.0,1.0,0.0,3.0,0.0,0.0,0.0,0.0
-0.619174376034382,1.0,0.0,2.0,0.0,0.0,3.0,1.0,0.0,0.0,0.0,1.0,0.0,3.0,1.0,0.0,0.0,0.0
-0.03848406891044468,1.0,2.0,2.0,1.0,1.0,2.0,1.0,0.0,0.0,0.0,1.0,0.0,1.0,0.0,1.0,0.0,1.0
-0.183656645691429,2.0,1.0,2.0,2.0,1.0,2.0,0.0,0.0,0.0,0.0,1.0,0.0,4.0,0.0,0.0,0.0,0.0
-0.03848406891044468,2.0,0.0,1.0,3.0,1.0,2.0,0.0,0.0,0.0,0.0,1.0,0.0,3.0,0.0,0.0,2.0,0.0
1.4132416988993985,1.0,1.0,2.0,3.0,1.0,2.0,0.0,1.0,0.0,0.0,0.0,0.0,1.0,0.0,0.0,0.0,1.0
-0.47400179925339764,3.0,2.0,2.0,0.0,0.0,3.0,1.0,0.0,0.0,0.0,1.0,0.0,3.0,1.0,0.0,1.0,1.0
-0.619174376034382,1.0,2.0,1.0,2.0,0.0,2.0,1.0,0.0,0.0,0.0,1.0,0.0,3.0,1.0,0.0,0.0,0.0
-0.619174376034382,1.0,1.0,2.0,1.0,1.0,3.0,0.0,0.0,0.0,0.0,1.0,0.0,3.0,0.0,0.0,1.0,0.0
-0.03848406891044468,1.0,0.0,2.0,2.0,1.0,3.0,1.0,0.0,0.0,0.0,1.0,0.0,1.0,0.0,0.0,2.0,0.0
-0.9095195295963505,3.0,1.0,2.0,3.0,1.0,3.0,0.0,0.0,0.0,0.0,1.0,0.0,3.0,0.0,0.0,1.0,0.0
-0.7643469528153662,2.0,1.0,3.0,1.0,1.0,3.0,0.0,1.0,0.0,0.0,0.0,0.0,3.0,1.0,0.0,1.0,1.0
-0.183656645691429,1.0,0.0,2.0,3.0,1.0,3.0,0.0,0.0,1.0,0.0,0.0,0.0,3.0,0.0,0.0,0.0,0.0
2.574622313147273,1.0,2.0,2.0,2.0,1.0,2.0,0.0,1.0,0.0,0.0,0.0,0.0,3.0,0.0,0.0,1.0,0.0
0.3970336614325083,3.0,1.0,2.0,0.0,1.0,2.0,0.0,0.0,0.0,0.0,1.0,0.0,3.0,0.0,0.0,0.0,0.0
-0.183656645691429,2.0,0.0,2.0,1.0,1.0,2.0,1.0,1.0,0.0,0.0,0.0,0.0,3.0,1.0,0.0,0.0,1.0
1.9939320060233356,2.0,1.0,1.0,0.0,1.0,2.0,1.0,0.0,0.0,1.0,0.0,0.0,3.0,0.0,0.0,0.0,1.0
0.25186108465152396,2.0,1.0,2.0,0.0,1.0,2.0,0.0,0.0,0.0,1.0,0.0,0.0,3.0,0.0,0.0,0.0,1.0
0.8325513917754612,3.0,1.0,2.0,0.0,0.0,3.0,1.0,1.0,0.0,0.0,0.0,0.0,3.0,0.0,0.0,0.0,1.0
-0.619174376034382,1.0,1.0,3.0,3.0,0.0,3.0,0.0,0.0,0.0,0.0,0.0,1.0,1.0,0.0,0.0,1.0,1.0
-0.619174376034382,1.0,0.0,2.0,0.0,1.0,3.0,1.0,0.0,0.0,0.0,1.0,0.0,1.0,0.0,0.0,1.0,0.0
0.9777239685564455,1.0,1.0,1.0,2.0,1.0,3.0,0.0,1.0,0.0,0.0,0.0,0.0,3.0,0.0,0.0,0.0,1.0
0.10668850787053964,3.0,1.0,2.0,0.0,1.0,1.0,1.0,0.0,0.0,0.0,1.0,0.0,3.0,0.0,0.0,2.0,1.0
-0.619174376034382,1.0,1.0,1.0,0.0,1.0,2.0,1.0,0.0,0.0,0.0,1.0,0.0,3.0,0.0,0.0,0.0,0.0
0.5422062382134926,1.0,1.0,1.0,0.0,1.0,2.0,1.0,1.0,0.0,0.0,0.0,0.0,3.0,0.0,0.0,1.0,0.0
1.4132416988993985,1.0,1.0,3.0,1.0,1.0,2.0,0.0,1.0,0.0,0.0,0.0,0.0,3.0,0.0,1.0,0.0,1.0
-0.183656645691429,3.0,0.0,3.0,2.0,0.0,3.0,1.0,0.0,0.0,0.0,1.0,0.0,4.0,0.0,0.0,0.0,0.0
-0.619174376034382,1.0,1.0,2.0,2.0,1.0,2.0,0.0,0.0,0.0,0.0,1.0,0.0,1.0,0.0,0.0,1.0,0.0
-0.3288292224724133,1.0,1.0,3.0,0.0,1.0,3.0,1.0,0.0,0.0,0.0,0.0,1.0,3.0,0.0,0.0,1.0,1.0
-0.3288292224724133,0.0,1.0,3.0,1.0,1.0,2.0,0.0,0.0,0.0,0.0,1.0,0.0,1.0,0.0,0.0,0.0,0.0
1.4132416988993985,1.0,0.0,2.0,1.0,1.0,2.0,1.0,0.0,0.0,0.0,1.0,0.0,3.0,0.0,0.0,1.0,1.0
-0.7643469528153662,2.0,1.0,1.0,1.0,1.0,1.0,1.0,0.0,0.0,0.0,1.0,0.0,3.0,0.0,0.0,0.0,1.0
0.25186108465152396,1.0,0.0,3.0,3.0,0.0,2.0,0.0,0.0,0.0,0.0,1.0,0.0,3.0,0.0,0.0,2.0,1.0
3.1553126202712103,2.0,0.0,1.0,0.0,1.0,2.0,1.0,1.0,0.0,0.0,0.0,0.0,3.0,0.0,0.0,0.0,1.0
-0.9095195295963505,1.0,0.0,2.0,1.0,1.0,3.0,1.0,0.0,0.0,0.0,0.0,1.0,1.0,0.0,0.0,1.0,1.0
-0.47400179925339764,1.0,1.0,2.0,1.0,0.0,3.0,1.0,0.0,0.0,0.0,0.0,1.0,3.0,0.0,0.0,0.0,1.0
-0.7643469528153662,2.0,1.0,2.0,2.0,1.0,3.0,0.0,0.0,0.0,0.0,1.0,0.0,3.0,0.0,0.0,1.0,1.0
-0.619174376034382,0.0,0.0,2.0,2.0,0.0,2.0,1.0,0.0,0.0,0.0,1.0,0.0,1.0,0.0,0.0,0.0,1.0
4.752210964862038,1.0,2.0,2.0,1.0,0.0,2.0,0.0,1.0,0.0,0.0,0.0,0.0,3.0,0.0,1.0,0.0,1.0
4.1715206577381005,1.0,0.0,2.0,0.0,1.0,3.0,1.0,1.0,0.0,0.0,0.0,0.0,1.0,0.0,1.0,0.0,1.0
-0.9095195295963505,3.0,1.0,2.0,1.0,1.0,1.0,0.0,0.0,0.0,0.0,1.0,0.0,3.0,0.0,0.0,1.0,1.0
-0.47400179925339764,1.0,1.0,1.0,2.0,0.0,3.0,0.0,0.0,0.0,0.0,1.0,0.0,3.0,0.0,1.0,1.0,1.0
-1.054692106377335,2.0,0.0,3.0,1.0,1.0,2.0,0.0,0.0,0.0,0.0,1.0,0.0,1.0,0.0,0.0,0.0,1.0
-0.7643469528153662,1.0,1.0,2.0,0.0,1.0,2.0,0.0,0.0,0.0,0.0,1.0,0.0,3.0,0.0,0.0,2.0,1.0
0.3970336614325083,2.0,1.0,2.0,2.0,1.0,3.0,0.0,0.0,0.0,0.0,1.0,0.0,1.0,1.0,1.0,0.0,1.0
-1.054692106377335,2.0,0.0,2.0,1.0,1.0,2.0,1.0,0.0,0.0,0.0,1.0,0.0,3.0,0.0,0.0,1.0,0.0
-0.619174376034382,2.0,0.0,2.0,1.0,0.0,2.0,0.0,0.0,0.0,0.0,1.0,0.0,3.0,0.0,0.0,0.0,1.0
1.4132416988993985,1.0,1.0,2.0,1.0,0.0,2.0,0.0,0.0,0.0,0.0,1.0,0.0,3.0,1.0,0.0,0.0,0.0
-0.03848406891044468,1.0,0.0,2.0,3.0,0.0,3.0,0.0,0.0,0.0,0.0,1.0,0.0,3.0,0.0,0.0,0.0,0.0
-0.619174376034382,1.0,0.0,3.0,1.0,0.0,2.0,0.0,0.0,0.0,0.0,1.0,0.0,3.0,1.0,0.0,2.0,0.0
-0.47400179925339764,3.0,1.0,3.0,2.0,1.0,3.0,0.0,0.0,0.0,0.0,1.0,0.0,4.0,0.0,0.0,0.0,0.0
1.2680691221184142,1.0,1.0,2.0,2.0,1.0,3.0,1.0,1.0,0.0,0.0,0.0,0.0,1.0,0.0,0.0,0.0,1.0
-0.47400179925339764,2.0,0.0,2.0,1.0,1.0,2.0,1.0,0.0,0.0,0.0,1.0,0.0,4.0,0.0,0.0,1.0,1.0
0.9777239685564455,1.0,1.0,2.0,2.0,1.0,3.0,1.0,1.0,0.0,0.0,0.0,0.0,3.0,0.0,0.0,0.0,1.0
1.4132416988993985,1.0,1.0,2.0,1.0,0.0,2.0,1.0,0.0,0.0,0.0,1.0,0.0,3.0,0.0,0.0,0.0,1.0
-0.03848406891044468,1.0,2.0,2.0,3.0,0.0,2.0,0.0,0.0,0.0,0.0,1.0,0.0,3.0,0.0,0.0,1.0,0.0
-0.7643469528153662,1.0,0.0,1.0,0.0,1.0,3.0,1.0,1.0,0.0,0.0,0.0,0.0,3.0,0.0,0.0,2.0,0.0
-0.619174376034382,1.0,0.0,2.0,0.0,1.0,2.0,0.0,0.0,0.0,0.0,1.0,0.0,3.0,0.0,0.0,0.0,1.0
-0.619174376034382,3.0,1.0,1.0,1.0,1.0,2.0,0.0,0.0,0.0,0.0,1.0,0.0,3.0,0.0,0.0,1.0,0.0
-0.9095195295963505,2.0,1.0,1.0,2.0,1.0,3.0,1.0,0.0,0.0,0.0,1.0,0.0,4.0,0.0,0.0,1.0,0.0
-0.3288292224724133,1.0,1.0,2.0,1.0,1.0,2.0,0.0,0.0,0.0,0.0,1.0,0.0,3.0,0.0,0.0,0.0,1.0
-0.183656645691429,2.0,0.0,1.0,1.0,1.0,3.0,0.0,1.0,0.0,0.0,0.0,0.0,3.0,0.0,0.0,0.0,1.0
-0.03848406891044468,2.0,2.0,2.0,0.0,1.0,1.0,0.0,0.0,0.0,0.0,1.0,0.0,3.0,0.0,0.0,2.0,1.0
-0.7643469528153662,1.0,0.0,2.0,1.0,1.0,3.0,1.0,0.0,0.0,0.0,1.0,0.0,3.0,0.0,0.0,0.0,1.0
-0.183656645691429,1.0,0.0,2.0,3.0,0.0,2.0,0.0,0.0,0.0,0.0,0.0,1.0,3.0,0.0,0.0,2.0,1.0
1.703586852461367,0.0,2.0,3.0,3.0,1.0,3.0,0.0,1.0,0.0,0.0,0.0,0.0,1.0,0.0,0.0,1.0,1.0
-0.183656645691429,0.0,1.0,3.0,2.0,0.0,3.0,1.0,0.0,0.0,0.0,1.0,0.0,3.0,1.0,0.0,1.0,1.0
0.25186108465152396,1.0,1.0,2.0,2.0,1.0,2.0,1.0,0.0,0.0,0.0,1.0,0.0,1.0,0.0,0.0,0.0,0.0
-0.03848406891044468,1.0,1.0,3.0,0.0,1.0,2.0,0.0,0.0,0.0,0.0,1.0,0.0,3.0,0.0,0.0,1.0,0.0
-0.7643469528153662,1.0,0.0,2.0,3.0,1.0,2.0,0.0,0.0,0.0,0.0,0.0,1.0,3.0,0.0,0.0,2.0,1.0
-0.619174376034382,1.0,0.0,3.0,3.0,1.0,2.0,1.0,0.0,0.0,0.0,1.0,0.0,1.0,0.0,0.0,1.0,1.0
-0.3288292224724133,2.0,1.0,2.0,2.0,1.0,2.0,1.0,1.0,0.0,0.0,0.0,0.0,4.0,1.0,0.0,0.0,0.0
