Age,Gender,family_history_with_overweight,FAVC,SMOKE,SCC,CAEC,CALC,FCVC,NCP,CH2O,FAF,TUE,MTRANS_Automobile,MTRANS_Bike,MTRANS_Motorbike,MTRANS_Public_Transportation,MTRANS_Walking,Height,Weight
-0.183656645691429,1.0,1.0,1.0,0.0,0.0,1.0,1.0,2.0,3.0,2.0,1.0,1.0,0.0,0.0,0.0,1.0,0.0,1.69,65.0
0.5422062382134926,0.0,1.0,1.0,0.0,0.0,1.0,0.0,2.0,3.0,2.0,3.0,2.0,1.0,0.0,0.0,0.0,0.0,1.83,71.0
0.3970336614325083,0.0,1.0,1.0,0.0,1.0,2.0,1.0,2.0,3.0,1.0,1.0,0.0,1.0,0.0,0.0,0.0,0.0,1.9,80.0
-0.9095195295963505,0.0,1.0,1.0,0.0,0.0,2.0,0.0,2.0,4.0,2.0,2.0,1.0,0.0,0.0,0.0,1.0,0.0,1.79,57.0
-0.183656645691429,1.0,1.0,1.0,0.0,0.0,1.0,1.0,3.0,3.0,2.0,1.0,0.0,1.0,0.0,0.0,0.0,0.0,1.65,60.0
-1.054692106377335,1.0,0.0,1.0,0.0,0.0,1.0,0.0,3.0,3.0,1.0,3.0,0.0,0.0,0.0,0.0,1.0,0.0,1.6,57.0
-0.3288292224724133,0.0,1.0,1.0,0.0,0.0,2.0,1.0,1.0,3.0,3.0,2.0,0.0,0.0,0.0,0.0,1.0,0.0,1.82,72.0
-0.9095195295963505,1.0,1.0,0.0,0.0,0.0,2.0,0.0,2.0,3.0,2.0,1.0,1.0,0.0,0.0,0.0,1.0,0.0,1.7,85.0
1.5584142756803827,0.0,0.0,1.0,0.0,1.0,1.0,0.0,3.0,3.0,1.0,2.0,0.0,1.0,0.0,0.0,0.0,0.0,1.84,88.0
-0.619174376034382,0.0,0.0,1.0,0.0,0.0,1.0,1.0,2.0,3.0,2.0,1.0,0.0,0.0,0.0,0.0,1.0,0.0,1.67,68.0
-0.03848406891044468,1.0,1.0,1.0,0.0,0.0,2.0,1.0,2.0,3.0,1.0,0.0,0.0,0.0,0.0,0.0,1.0,0.0,1.68,67.0
1.1228965453374298,1.0,1.0,1.0,0.0,0.0,2.0,1.0,3.0,1.0,2.0,1.0,1.0,1.0,0.0,0.0,0.0,0.0,1.68,63.0
-0.3288292224724133,0.0,1.0,0.0,0.0,0.0,1.0,0.0,2.0,3.0,1.0,0.0,1.0,0.0,0.0,0.0,1.0,0.0,1.64,65.0
-0.7643469528153662,0.0,0.0,1.0,0.0,0.0,1.0,1.0,2.0,3.0,2.0,1.0,1.0,0.0,0.0,0.0,1.0,0.0,1.74,70.0
-0.03848406891044468,0.0,0.0,1.0,0.0,0.0,1.0,0.0,3.0,3.0,1.0,0.0,0.0,0.0,0.0,0.0,1.0,0.0,1.76,90.0
-0.3288292224724133,0.0,0.0,0.0,0.0,0.0,2.0,1.0,3.0,1.0,1.0,0.0,0.0,0.0,0.0,1.0,0.0,0.0,1.65,60.0
-0.3288292224724133,0.0,1.0,1.0,0.0,0.0,1.0,1.0,2.0,3.0,2.0,0.0,1.0,0.0,0.0,0.0,1.0,0.0,1.85,68.0
0.8325513917754612,1.0,0.0,1.0,0.0,0.0,1.0,0.0,2.0,1.0,2.0,0.0,0.0,1.0,0.0,0.0,0.0,0.0,1.53,78.0
-0.03848406891044468,0.0,1.0,1.0,0.0,0.0,3.0,2.0,1.0,3.0,2.0,0.0,2.0,0.0,0.0,0.0,1.0,0.0,1.8,90.0
-0.3288292224724133,0.0,1.0,1.0,0.0,0.0,1.0,0.0,2.0,1.0,2.0,0.0,2.0,0.0,0.0,0.0,1.0,0.0,1.71,100.0
-0.3288292224724133,0.0,1.0,1.0,0.0,0.0,2.0,0.0,2.0,1.0,3.0,1.0,0.0,0.0,0.0,0.0,1.0,0.0,1.85,83.0
1.1228965453374298,1.0,1.0,0.0,0.0,0.0,1.0,1.0,2.0,1.0,1.0,1.0,0.0,0.0,0.0,0.0,1.0,0.0,1.58,68.0
0.25186108465152396,0.0,1.0,1.0,0.0,0.0,2.0,1.0,2.0,3.0,2.0,0.0,1.0,0.0,0.0,0.0,1.0,0.0,1.7,83.0
1.4132416988993985,0.0,0.0,0.0,0.0,0.0,1.0,1.0,2.0,3.0,1.0,0.0,2.0,0.0,0.0,0.0,0.0,1.0,1.74,76.0
-0.619174376034382,1.0,1.0,1.0,0.0,0.0,0.0,0.0,2.0,1.0,2.0,2.0,0.0,0.0,0.0,0.0,1.0,0.0,1.59,49.0
-0.47400179925339764,1.0,0.0,1.0,0.0,0.0,2.0,0.0,3.0,3.0,1.0,3.0,1.0,1.0,0.0,0.0,0.0,0.0,1.62,52.0
0.5422062382134926,0.0,1.0,1.0,0.0,0.0,1.0,0.0,2.0,1.0,2.0,1.0,0.0,0.0,0.0,0.0,0.0,1.0,1.85,75.0
-0.619174376034382,1.0,1.0,1.0,1.0,1.0,2.0,2.0,3.0,3.0,3.0,1.0,2.0,0.0,0.0,0.0,1.0,0.0,1.65,56.0
0.10668850787053964,1.0,0.0,1.0,0.0,0.0,1.0,0.0,3.0,3.0,2.0,2.0,0.0,0.0,0.0,0.0,1.0,0.0,1.6,48.0
1.4132416988993985,1.0,1.0,1.0,0.0,0.0,1.0,1.0,3.0,1.0,3.0,2.0,1.0,0.0,0.0,0.0,1.0,0.0,1.55,55.0
-0.47400179925339764,0.0,0.0,1.0,0.0,0.0,2.0,0.0,2.0,4.0,3.0,0.0,0.0,0.0,0.0,0.0,1.0,0.0,1.66,60.0
1.8487594292423515,1.0,1.0,0.0,0.0,0.0,1.0,1.0,3.0,3.0,1.0,2.0,0.0,1.0,0.0,0.0,0.0,0.0,1.58,60.0
-0.7643469528153662,1.0,1.0,1.0,0.0,0.0,3.0,0.0,3.0,1.0,1.0,1.0,0.0,0.0,0.0,0.0,1.0,0.0,1.57,48.0
0.10668850787053964,1.0,1.0,1.0,0.0,0.0,1.0,1.0,3.0,1.0,1.0,0.0,2.0,0.0,0.0,0.0,1.0,0.0,1.6,100.5
-0.03848406891044468,1.0,1.0,1.0,0.0,0.0,1.0,1.0,2.0,1.0,1.0,1.0,1.0,0.0,0.0,0.0,1.0,0.0,1.66,60.0
-0.7643469528153662,0.0,1.0,1.0,0.0,0.0,1.0,2.0,3.0,3.0,2.0,1.0,1.0,0.0,0.0,0.0,1.0,0.0,1.77,87.0
-0.619174376034382,1.0,1.0,1.0,0.0,0.0,1.0,1.0,3.0,3.0,1.0,0.0,1.0,0.0,0.0,0.0,1.0,0.0,1.65,82.0
0.8325513917754612,0.0,0.0,1.0,0.0,0.0,1.0,1.0,2.0,3.0,2.0,0.0,0.0,1.0,0.0,0.0,0.0,0.0,1.62,53.0
-1.1998646831583193,1.0,1.0,1.0,0.0,0.0,1.0,0.0,3.0,3.0,1.0,3.0,2.0,0.0,0.0,0.0,0.0,1.0,1.65,86.0
-0.3288292224724133,1.0,1.0,0.0,0.0,0.0,1.0,0.0,2.0,3.0,1.0,0.0,1.0,0.0,0.0,0.0,1.0,0.0,1.53,65.0
0.5422062382134926,0.0,1.0,1.0,0.0,0.0,1.0,1.0,2.0,1.0,1.0,1.0,0.0,0.0,0.0,0.0,1.0,0.0,1.93,102.0
-0.7643469528153662,1.0,0.0,1.0,0.0,0.0,1.0,0.0,2.0,3.0,1.0,0.0,0.0,1.0,0.0,0.0,0.0,0.0,1.55,56.0
-0.47400179925339764,0.0,0.0,0.0,0.0,0.0,1.0,1.0,2.0,3.0,1.0,0.0,0.0,0.0,0.0,0.0,1.0,0.0,1.6,50.0
0.5422062382134926,0.0,0.0,0.0,0.0,0.0,1.0,2.0,3.0,3.0,2.0,2.0,0.0,0.0,0.0,0.0,0.0,1.0,1.8,87.0
0.25186108465152396,0.0,0.0,1.0,0.0,1.0,1.0,0.0,3.0,3.0,3.0,3.0,0.0,0.0,0.0,1.0,0.0,0.0,1.7,83.0
-0.3288292224724133,1.0,1.0,1.0,0.0,0.0,1.0,1.0,2.0,3.0,3.0,3.0,1.0,0.0,0.0,0.0,1.0,0.0,1.55,49.0
-0.3288292224724133,0.0,1.0,1.0,0.0,0.0,1.0,1.0,3.0,3.0,2.0,0.0,1.0,0.0,0.0,0.0,1.0,0.0,1.75,75.0
-0.47400179925339764,0.0,1.0,0.0,0.0,0.0,1.0,1.0,2.0,3.0,3.0,2.0,1.0,0.0,0.0,0.0,1.0,0.0,1.8,85.0
-0.7643469528153662,0.0,0.0,1.0,0.0,0.0,1.0,1.0,2.0,3.0,1.0,1.0,0.0,0.0,0.0,0.0,1.0,0.0,1.65,85.0
-0.03848406891044468,0.0,0.0,1.0,0.0,0.0,1.0,2.0,2.0,3.0,2.0,2.0,2.0,0.0,0.0,0.0,0.0,1.0,1.68,70.0
-0.619174376034382,0.0,0.0,0.0,0.0,0.0,1.0,1.0,2.0,3.0,3.0,3.0,0.0,1.0,0.0,0.0,0.0,0.0,1.88,79.0
0.5422062382134926,1.0,0.0,1.0,0.0,0.0,3.0,1.0,3.0,3.0,2.0,0.0,0.0,1.0,0.0,0.0,0.0,0.0,1.6,61.0
-0.3288292224724133,0.0,1.0,1.0,0.0,0.0,2.0,3.0,2.0,1.0,2.0,1.0,2.0,0.0,0.0,0.0,0.0,1.0,1.7,65.0
-0.183656645691429,0.0,0.0,0.0,0.0,0.0,1.0,1.0,2.0,3.0,2.0,3.0,0.0,0.0,0.0,0.0,1.0,0.0,1.64,53.0
-0.7643469528153662,1.0,1.0,1.0,0.0,0.0,1.0,1.0,2.0,3.0,1.0,1.0,1.0,0.0,0.0,0.0,1.0,0.0,1.64,59.0
-0.183656645691429,0.0,1.0,0.0,0.0,0.0,1.0,0.0,2.0,3.0,3.0,3.0,2.0,0.0,0.0,0.0,0.0,1.0,1.75,95.0
0.3970336614325083,1.0,1.0,1.0,0.0,0.0,1.0,1.0,2.0,1.0,2.0,0.0,2.0,0.0,0.0,0.0,1.0,0.0,1.59,47.0
-0.619174376034382,0.0,1.0,1.0,0.0,0.0,1.0,1.0,2.0,1.0,2.0,2.0,0.0,0.0,0.0,0.0,1.0,0.0,1.7,60.0
-0.03848406891044468,0.0,1.0,1.0,0.0,0.0,1.0,1.0,2.0,3.0,2.0,1.0,1.0,0.0,0.0,0.0,1.0,0.0,1.62,53.0
-0.619174376034382,1.0,1.0,1.0,0.0,0.0,2.0,2.0,3.0,1.0,2.0,1.0,0.0,0.0,0.0,0.0,1.0,0.0,1.61,62.0
1.4132416988993985,0.0,1.0,1.0,0.0,0.0,1.0,1.0,2.0,3.0,1.0,1.0,1.0,0.0,0.0,0.0,0.0,1.0,1.85,93.0
-0.7643469528153662,0.0,0.0,1.0,0.0,0.0,1.0,1.0,1.0,3.0,2.0,0.0,1.0,0.0,0.0,0.0,1.0,0.0,1.7,78.0
-0.7643469528153662,1.0,0.0,1.0,0.0,1.0,2.0,2.0,2.0,3.0,2.0,1.0,2.0,0.0,0.0,0.0,1.0,0.0,1.45,53.0
0.10668850787053964,1.0,1.0,1.0,0.0,0.0,1.0,1.0,1.0,3.0,2.0,0.0,1.0,1.0,0.0,0.0,0.0,0.0,1.6,51.0
-0.619174376034382,0.0,0.0,1.0,0.0,0.0,2.0,0.0,3.0,3.0,1.0,2.0,0.0,0.0,0.0,0.0,1.0,0.0,1.8,70.0
-0.619174376034382,0.0,0.0,1.0,0.0,0.0,2.0,2.0,2.0,4.0,2.0,3.0,1.0,1.0,0.0,0.0,0.0,0.0,1.89,87.0
-0.47400179925339764,0.0,1.0,0.0,0.0,1.0,1.0,1.0,3.0,3.0,3.0,3.0,0.0,1.0,0.0,0.0,0.0,0.0,1.83,85.0
-0.03848406891044468,0.0,0.0,1.0,0.0,0.0,1.0,1.0,3.0,3.0,3.0,1.0,2.0,0.0,0.0,0.0,1.0,0.0,1.7,75.0
-0.619174376034382,1.0,1.0,1.0,0.0,0.0,3.0,1.0,2.0,3.0,2.0,2.0,1.0,0.0,0.0,0.0,1.0,0.0,1.61,53.8
0.25186108465152396,0.0,0.0,1.0,0.0,0.0,3.0,2.0,3.0,3.0,2.0,2.0,0.0,0.0,0.0,0.0,1.0,0.0,1.87,66.0
-0.47400179925339764,0.0,1.0,1.0,0.0,0.0,3.0,1.0,2.0,3.0,3.0,1.0,1.0,0.0,0.0,0.0,1.0,0.0,1.98,125.0
-0.03848406891044468,0.0,1.0,1.0,0.0,0.0,3.0,2.0,2.0,3.0,2.0,0.0,1.0,1.0,0.0,0.0,0.0,0.0,1.65,95.0
-0.47400179925339764,1.0,0.0,1.0,0.0,0.0,2.0,1.0,2.0,3.0,2.0,3.0,0.0,0.0,0.0,0.0,1.0,0.0,1.56,51.5
-0.183656645691429,1.0,1.0,1.0,0.0,0.0,1.0,1.0,2.0,1.0,2.0,1.0,0.0,0.0,0.0,0.0,1.0,0.0,1.73,79.0
1.5584142756803827,0.0,0.0,1.0,0.0,0.0,1.0,1.0,2.0,3.0,2.0,3.0,1.0,1.0,0.0,0.0,0.0,0.0,1.78,73.0
2.13910458280432,1.0,1.0,0.0,0.0,0.0,1.0,2.0,3.0,3.0,1.0,2.0,1.0,1.0,0.0,0.0,0.0,0.0,1.55,59.0
-0.3288292224724133,1.0,1.0,0.0,0.0,1.0,2.0,2.0,2.0,3.0,2.0,0.0,2.0,0.0,0.0,0.0,1.0,0.0,1.75,78.0
-0.3288292224724133,1.0,1.0,1.0,0.0,0.0,1.0,0.0,3.0,1.0,3.0,2.0,1.0,0.0,0.0,0.0,1.0,0.0,1.65,88.0
-0.3288292224724133,1.0,1.0,1.0,0.0,0.0,3.0,0.0,3.0,4.0,3.0,0.0,2.0,0.0,0.0,0.0,1.0,0.0,1.72,66.5
-0.3288292224724133,0.0,0.0,1.0,0.0,0.0,0.0,1.0,2.0,1.0,3.0,1.0,0.0,0.0,0.0,0.0,1.0,0.0,1.62,70.0
-0.619174376034382,1.0,1.0,1.0,0.0,0.0,1.0,0.0,3.0,3.0,1.0,1.0,1.0,0.0,0.0,0.0,1.0,0.0,1.64,53.0
2.13910458280432,1.0,1.0,1.0,1.0,0.0,3.0,1.0,2.0,1.0,2.0,0.0,0.0,1.0,0.0,0.0,0.0,0.0,1.5,60.0
-0.619174376034382,1.0,0.0,1.0,0.0,0.0,1.0,1.0,2.0,4.0,1.0,3.0,0.0,0.0,0.0,0.0,1.0,0.0,1.51,45.0
-0.47400179925339764,1.0,0.0,1.0,0.0,0.0,1.0,0.0,3.0,1.0,3.0,1.0,1.0,0.0,0.0,0.0,1.0,0.0,1.62,53.0
-0.619174376034382,1.0,0.0,0.0,0.0,1.0,0.0,0.0,3.0,3.0,3.0,2.0,0.0,0.0,0.0,0.0,0.0,1.0,1.6,45.0
-0.7643469528153662,1.0,0.0,0.0,0.0,0.0,1.0,1.0,2.0,3.0,2.0,0.0,1.0,0.0,0.0,0.0,0.0,1.0,1.7,50.0
0.9777239685564455,0.0,1.0,0.0,1.0,0.0,1.0,1.0,2.0,3.0,1.0,1.0,0.0,0.0,0.0,0.0,1.0,0.0,1.92,130.0
-0.7643469528153662,1.0,1.0,1.0,0.0,0.0,1.0,0.0,2.0,3.0,3.0,3.0,0.0,0.0,0.0,0.0,1.0,0.0,1.6,58.0
-0.619174376034382,1.0,1.0,1.0,0.0,0.0,2.0,1.0,3.0,3.0,1.0,1.0,2.0,0.0,0.0,0.0,0.0,1.0,1.51,59.0
0.10668850787053964,0.0,1.0,1.0,0.0,0.0,2.0,2.0,2.0,3.0,3.0,0.0,1.0,0.0,0.0,0.0,1.0,0.0,1.7,85.0
-0.47400179925339764,1.0,1.0,1.0,0.0,0.0,1.0,0.0,3.0,1.0,2.0,1.0,1.0,0.0,0.0,0.0,1.0,0.0,1.65,75.0
-0.7643469528153662,1.0,1.0,1.0,0.0,0.0,1.0,1.0,1.0,3.0,2.0,2.0,2.0,0.0,0.0,0.0,1.0,0.0,1.63,63.0
2.2842771595853044,1.0,0.0,1.0,0.0,0.0,2.0,1.0,3.0,4.0,2.0,0.0,0.0,0.0,0.0,0.0,1.0,0.0,1.65,50.0
-0.619174376034382,1.0,1.0,0.0,1.0,0.0,2.0,1.0,3.0,3.0,3.0,2.0,1.0,1.0,0.0,0.0,0.0,0.0,1.63,76.0
-0.9095195295963505,0.0,0.0,0.0,0.0,0.0,3.0,0.0,2.0,4.0,2.0,0.0,2.0,0.0,0.0,0.0,1.0,0.0,1.67,60.0
-0.7643469528153662,0.0,0.0,1.0,0.0,0.0,1.0,1.0,2.0,4.0,2.0,2.0,1.0,0.0,0.0,0.0,1.0,0.0,1.72,55.0
2.429449736366289,1.0,0.0,0.0,0.0,0.0,1.0,0.0,3.0,3.0,3.0,0.0,0.0,1.0,0.0,0.0,0.0,0.0,1.68,80.0
-0.9095195295963505,1.0,0.0,1.0,0.0,1.0,1.0,1.0,3.0,1.0,2.0,1.0,2.0,0.0,0.0,0.0,1.0,0.0,1.6,65.0
-0.47400179925339764,1.0,0.0,1.0,0.0,0.0,1.0,0.0,3.0,1.0,1.0,1.0,0.0,0.0,0.0,0.0,1.0,0.0,1.68,68.0
1.2680691221184142,0.0,1.0,0.0,0.0,0.0,1.0,0.0,3.0,3.0,3.0,0.0,2.0,1.0,0.0,0.0,0.0,0.0,1.75,120.0
-0.3288292224724133,1.0,0.0,1.0,0.0,0.0,1.0,0.0,2.0,1.0,1.0,1.0,1.0,0.0,0.0,0.0,1.0,0.0,1.63,51.0
-0.9095195295963505,0.0,1.0,1.0,0.0,0.0,1.0,1.0,3.0,3.0,2.0,0.0,2.0,0.0,0.0,0.0,0.0,1.0,1.7,70.0
-0.9095195295963505,1.0,1.0,1.0,0.0,0.0,1.0,0.0,1.0,3.0,1.0,1.0,1.0,1.0,0.0,0.0,0.0,0.0,1.7,56.0
-0.183656645691429,1.0,0.0,1.0,0.0,1.0,1.0,0.0,2.0,3.0,1.0,2.0,0.0,0.0,0.0,0.0,0.0,1.0,1.56,49.0
-0.183656645691429,0.0,1.0,0.0,0.0,0.0,1.0,1.0,2.0,3.0,2.0,1.0,2.0,0.0,1.0,0.0,0.0,0.0,1.75,74.0
0.25186108465152396,0.0,0.0,1.0,0.0,0.0,2.0,0.0,2.0,3.0,2.0,0.0,1.0,0.0,0.0,0.0,1.0,0.0,1.7,68.0
-0.619174376034382,0.0,0.0,1.0,0.0,0.0,1.0,0.0,2.0,3.0,1.0,1.0,0.0,0.0,0.0,0.0,1.0,0.0,1.78,64.0
-0.3288292224724133,1.0,1.0,0.0,0.0,0.0,1.0,0.0,1.0,1.0,2.0,3.0,0.0,0.0,0.0,0.0,1.0,0.0,1.5,42.3
-0.619174376034382,1.0,0.0,1.0,0.0,0.0,2.0,1.0,2.0,3.0,1.0,0.0,2.0,0.0,0.0,0.0,1.0,0.0,1.5,50.0
-0.7643469528153662,0.0,0.0,1.0,0.0,0.0,1.0,0.0,2.0,3.0,2.0,2.0,1.0,0.0,0.0,0.0,1.0,0.0,1.7,60.0
-0.47400179925339764,0.0,1.0,1.0,0.0,0.0,1.0,0.0,2.0,4.0,3.0,2.0,2.0,0.0,0.0,0.0,1.0,0.0,1.76,55.0
-0.183656645691429,1.0,1.0,1.0,0.0,0.0,1.0,0.0,2.0,1.0,1.0,0.0,0.0,0.0,0.0,0.0,1.0,0.0,1.58,58.0
-0.3288292224724133,1.0,1.0,1.0,1.0,0.0,1.0,1.0,3.0,1.0,3.0,0.0,0.0,0.0,0.0,0.0,1.0,0.0,1.63,66.0
-0.3288292224724133,1.0,1.0,0.0,0.0,1.0,1.0,1.0,2.0,1.0,2.0,2.0,0.0,0.0,0.0,0.0,1.0,0.0,1.54,49.0
-0.03848406891044468,1.0,1.0,1.0,0.0,0.0,1.0,1.0,3.0,3.0,2.0,1.0,0.0,0.0,0.0,1.0,0.0,0.0,1.5,55.0
1.9939320060233356,1.0,1.0,1.0,0.0,0.0,1.0,0.0,2.0,1.0,2.0,0.0,0.0,1.0,0.0,0.0,0.0,0.0,1.68,83.0
-0.7643469528153662,0.0,0.0,0.0,0.0,0.0,3.0,1.0,3.0,4.0,2.0,2.0,0.0,0.0,0.0,0.0,0.0,1.0,1.93,86.0
2.429449736366289,1.0,1.0,0.0,0.0,0.0,1.0,1.0,3.0,3.0,3.0,0.0,0.0,1.0,0.0,0.0,0.0,0.0,1.55,62.0
0.25186108465152396,0.0,1.0,1.0,0.0,0.0,1.0,1.0,2.0,1.0,2.0,2.0,1.0,0.0,0.0,0.0,1.0,0.0,1.78,78.0
-0.183656645691429,0.0,1.0,1.0,0.0,1.0,2.0,1.0,3.0,3.0,2.0,3.0,0.0,0.0,0.0,0.0,1.0,0.0,1.84,84.0
-0.3288292224724133,0.0,0.0,1.0,0.0,0.0,0.0,1.0,2.0,1.0,3.0,1.0,0.0,0.0,0.0,0.0,1.0,0.0,1.62,70.0
0.3970336614325083,0.0,1.0,1.0,0.0,0.0,2.0,1.0,3.0,3.0,3.0,2.0,2.0,0.0,0.0,0.0,1.0,0.0,1.85,105.0
0.10668850787053964,0.0,1.0,1.0,0.0,0.0,3.0,1.0,2.0,1.0,2.0,2.0,1.0,0.0,0.0,0.0,1.0,0.0,1.84,86.0
-0.183656645691429,1.0,1.0,1.0,0.0,0.0,2.0,1.0,3.0,4.0,2.0,1.0,0.0,0.0,0.0,0.0,1.0,0.0,1.65,58.0
0.9777239685564455,0.0,1.0,1.0,0.0,0.0,2.0,1.0,2.0,3.0,2.0,0.0,0.0,0.0,0.0,0.0,1.0,0.0,1.8,91.0
-0.03848406891044468,0.0,1.0,1.0,0.0,0.0,1.0,1.0,2.0,3.0,2.0,1.0,1.0,0.0,0.0,0.0,1.0,0.0,1.65,67.0
-0.619174376034382,0.0,0.0,1.0,0.0,0.0,1.0,0.0,2.0,3.0,1.0,1.0,1.0,0.0,0.0,0.0,1.0,0.0,1.8,60.0
-0.47400179925339764,0.0,1.0,0.0,0.0,0.0,1.0,0.0,2.0,3.0,2.0,1.0,2.0,0.0,0.0,0.0,0.0,1.0,1.65,80.0
-0.619174376034382,0.0,1.0,1.0,0.0,0.0,2.0,1.0,3.0,3.0,2.0,2.0,0.0,0.0,0.0,0.0,1.0,0.0,1.83,82.0
-0.7643469528153662,0.0,0.0,0.0,0.0,0.0,2.0,1.0,2.0,4.0,2.0,1.0,1.0,0.0,0.0,0.0,1.0,0.0,1.76,68.0
-0.7643469528153662,1.0,1.0,1.0,0.0,0.0,2.0,0.0,2.0,1.0,1.0,0.0,2.0,0.0,0.0,0.0,1.0,0.0,1.59,40.0
-0.03848406891044468,0.0,1.0,1.0,1.0,0.0,1.0,1.0,2.0,3.0,2.0,2.0,1.0,0.0,0.0,0.0,1.0,0.0,1.75,120.0
0.3970336614325083,0.0,1.0,1.0,0.0,0.0,1.0,1.0,2.0,3.0,2.0,0.0,1.0,0.0,0.0,0.0,0.0,1.0,1.72,65.0
-0.3288292224724133,1.0,0.0,1.0,0.0,0.0,1.0,1.0,3.0,3.0,2.0,2.0,1.0,0.0,0.0,0.0,1.0,0.0,1.53,53.0
-0.03848406891044468,1.0,1.0,1.0,0.0,0.0,2.0,0.0,3.0,3.0,3.0,3.0,0.0,0.0,0.0,0.0,1.0,0.0,1.6,83.0
0.8325513917754612,1.0,1.0,1.0,0.0,0.0,1.0,2.0,3.0,3.0,1.0,2.0,1.0,1.0,0.0,0.0,0.0,0.0,1.7,78.0
0.10668850787053964,1.0,0.0,0.0,0.0,0.0,2.0,2.0,3.0,3.0,2.0,2.0,2.0,0.0,0.0,0.0,1.0,0.0,1.56,51.0
0.25186108465152396,0.0,0.0,0.0,0.0,1.0,2.0,0.0,3.0,3.0,2.0,3.0,0.0,0.0,0.0,0.0,1.0,0.0,1.89,75.0
2.429449736366289,1.0,0.0,1.0,0.0,0.0,2.0,1.0,2.0,3.0,2.0,3.0,1.0,0.0,0.0,0.0,1.0,0.0,1.58,63.0
1.8487594292423515,1.0,1.0,0.0,0.0,0.0,1.0,1.0,3.0,3.0,1.0,0.0,0.0,1.0,0.0,0.0,0.0,0.0,1.63,80.0
-0.03848406891044468,0.0,1.0,0.0,0.0,0.0,1.0,2.0,2.0,3.0,2.0,2.0,1.0,0.0,0.0,0.0,1.0,0.0,1.8,77.0
4.607038388081054,0.0,1.0,0.0,0.0,1.0,2.0,2.0,3.0,4.0,3.0,3.0,0.0,0.0,0.0,0.0,0.0,1.0,1.78,84.0
0.8325513917754612,1.0,1.0,0.0,0.0,0.0,2.0,1.0,2.0,3.0,1.0,0.0,1.0,0.0,0.0,0.0,1.0,0.0,1.6,56.0
-0.03848406891044468,0.0,1.0,0.0,0.0,0.0,0.0,1.0,2.0,3.0,3.0,0.0,1.0,0.0,0.0,0.0,1.0,0.0,1.8,60.0
-0.619174376034382,0.0,0.0,1.0,0.0,0.0,1.0,1.0,2.0,3.0,2.0,2.0,0.0,0.0,1.0,0.0,0.0,0.0,1.75,58.0
0.10668850787053964,0.0,1.0,1.0,0.0,0.0,1.0,0.0,3.0,1.0,2.0,1.0,0.0,0.0,0.0,0.0,1.0,0.0,1.66,67.0
-0.9095195295963505,1.0,0.0,1.0,0.0,0.0,1.0,1.0,1.0,3.0,1.0,2.0,2.0,0.0,0.0,0.0,0.0,1.0,1.6,53.0
-0.03848406891044468,1.0,1.0,0.0,0.0,0.0,1.0,1.0,2.0,3.0,2.0,3.0,0.0,0.0,0.0,0.0,1.0,0.0,1.66,60.0
1.5584142756803827,1.0,0.0,1.0,0.0,0.0,1.0,1.0,3.0,1.0,1.0,0.0,0.0,1.0,0.0,0.0,0.0,0.0,1.68,75.0
-0.619174376034382,1.0,1.0,1.0,0.0,1.0,0.0,0.0,3.0,3.0,3.0,3.0,1.0,0.0,0.0,0.0,1.0,0.0,1.7,64.0
2.429449736366289,1.0,1.0,1.0,0.0,0.0,1.0,0.0,2.0,1.0,2.0,2.0,0.0,0.0,0.0,0.0,1.0,0.0,1.56,80.0
-0.03848406891044468,0.0,1.0,1.0,0.0,0.0,1.0,1.0,3.0,3.0,2.0,1.0,0.0,0.0,0.0,0.0,1.0,0.0,1.74,105.0
-0.3288292224724133,0.0,1.0,1.0,0.0,0.0,3.0,1.0,3.0,1.0,1.0,0.0,0.0,0.0,0.0,0.0,1.0,0.0,1.85,125.0
-0.3288292224724133,1.0,0.0,0.0,0.0,0.0,2.0,1.0,3.0,1.0,1.0,0.0,0.0,0.0,0.0,0.0,1.0,0.0,1.52,42.0
-0.7643469528153662,0.0,1.0,1.0,1.0,0.0,1.0,1.0,2.0,1.0,2.0,1.0,2.0,0.0,0.0,0.0,1.0,0.0,1.86,110.0
0.9777239685564455,0.0,1.0,1.0,1.0,1.0,0.0,2.0,1.0,3.0,2.0,0.0,0.0,1.0,0.0,0.0,0.0,0.0,1.76,112.0
-0.183656645691429,1.0,1.0,1.0,0.0,0.0,1.0,1.0,1.0,1.0,2.0,0.0,2.0,0.0,0.0,0.0,1.0,0.0,1.6,82.0
-0.3288292224724133,1.0,0.0,1.0,0.0,0.0,1.0,1.0,2.0,3.0,1.0,1.0,0.0,0.0,0.0,0.0,1.0,0.0,1.6,48.0
-0.183656645691429,0.0,1.0,0.0,0.0,1.0,1.0,1.0,2.0,4.0,3.0,2.0,2.0,0.0,0.0,0.0,1.0,0.0,1.61,67.0
-0.3288292224724133,0.0,1.0,0.0,0.0,0.0,2.0,0.0,3.0,4.0,1.0,1.0,0.0,0.0,0.0,0.0,0.0,1.0,1.75,50.0
-0.03848406891044468,1.0,1.0,1.0,1.0,0.0,1.0,1.0,2.0,1.0,1.0,0.0,0.0,0.0,0.0,0.0,1.0,0.0,1.48,60.0
0.3970336614325083,1.0,1.0,1.0,1.0,0.0,1.0,1.0,3.0,3.0,1.0,0.0,1.0,0.0,0.0,0.0,1.0,0.0,1.56,102.0
-0.47400179925339764,1.0,0.0,1.0,0.0,0.0,1.0,1.0,3.0,3.0,3.0,0.0,1.0,0.0,0.0,0.0,1.0,0.0,1.57,60.0
-0.9095195295963505,0.0,0.0,1.0,0.0,0.0,2.0,0.0,2.0,3.0,2.0,2.0,1.0,0.0,0.0,0.0,0.0,1.0,1.8,58.0
-0.47400179925339764,0.0,1.0,1.0,0.0,0.0,1.0,1.0,1.0,1.0,2.0,1.0,1.0,0.0,0.0,0.0,1.0,0.0,1.77,70.0
-0.619174376034382,0.0,0.0,1.0,0.0,0.0,2.0,1.0,1.0,4.0,1.0,2.0,1.0,0.0,0.0,0.0,1.0,0.0,1.7,50.0
-0.3288292224724133,1.0,0.0,1.0,0.0,0.0,1.0,1.0,2.0,3.0,1.0,1.0,1.0,0.0,0.0,0.0,1.0,0.0,1.6,61.0
-0.7643469528153662,0.0,0.0,1.0,0.0,0.0,2.0,1.0,3.0,3.0,1.0,2.0,1.0,0.0,0.0,0.0,1.0,0.0,1.73,70.0
-0.7643469528153662,0.0,1.0,0.0,0.0,0.0,1.0,0.0,2.0,3.0,3.0,1.0,0.0,0.0,0.0,0.0,1.0,0.0,1.78,108.0
-0.7643469528153662,0.0,1.0,1.0,0.0,0.0,3.0,2.0,2.0,3.0,2.0,0.0,0.0,0.0,0.0,0.0,1.0,0.0,1.75,80.0
2.574622313147273,0.0,1.0,0.0,0.0,0.0,1.0,2.0,2.0,1.0,1.0,1.0,0.0,1.0,0.0,0.0,0.0,0.0,1.75,110.0
-0.183656645691429,1.0,1.0,1.0,0.0,0.0,2.0,0.0,3.0,3.0,3.0,1.0,0.0,0.0,0.0,0.0,1.0,0.0,1.61,63.0
-0.7643469528153662,0.0,1.0,0.0,0.0,0.0,1.0,0.0,2.0,3.0,2.0,0.0,0.0,0.0,0.0,0.0,1.0,0.0,1.65,70.0
-0.3288292224724133,1.0,1.0,1.0,0.0,0.0,1.0,1.0,2.0,3.0,3.0,1.0,0.0,0.0,0.0,0.0,1.0,0.0,1.6,68.0
0.5422062382134926,0.0,0.0,1.0,0.0,0.0,1.0,2.0,3.0,3.0,3.0,1.0,1.0,0.0,0.0,0.0,1.0,0.0,1.7,78.0
0.5422062382134926,0.0,1.0,1.0,0.0,0.0,2.0,1.0,3.0,1.0,2.0,2.0,1.0,0.0,0.0,0.0,0.0,1.0,1.83,99.0
-0.7643469528153662,1.0,1.0,1.0,0.0,0.0,2.0,1.0,3.0,3.0,2.0,0.0,1.0,0.0,0.0,0.0,1.0,0.0,1.5,50.0
0.3970336614325083,1.0,0.0,1.0,0.0,0.0,1.0,0.0,3.0,3.0,1.0,1.0,0.0,0.0,0.0,0.0,0.0,1.0,1.65,63.0
-0.47400179925339764,0.0,0.0,1.0,0.0,0.0,2.0,1.0,2.0,3.0,1.0,1.0,1.0,0.0,0.0,0.0,1.0,0.0,1.87,75.0
-0.3288292224724133,0.0,0.0,1.0,1.0,0.0,3.0,1.0,2.0,4.0,3.0,3.0,2.0,0.0,0.0,0.0,0.0,1.0,1.82,67.0
1.4132416988993985,0.0,0.0,1.0,0.0,0.0,2.0,1.0,2.0,3.0,2.0,1.0,0.0,1.0,0.0,0.0,0.0,0.0,1.85,85.0
-0.3288292224724133,0.0,0.0,1.0,1.0,0.0,2.0,1.0,3.0,4.0,2.0,0.0,0.0,0.0,0.0,0.0,1.0,0.0,1.75,62.0
-0.03848406891044468,0.0,1.0,1.0,0.0,0.0,3.0,0.0,2.0,3.0,3.0,0.0,2.0,0.0,0.0,0.0,1.0,0.0,1.71,50.0
-0.3288292224724133,1.0,0.0,1.0,0.0,0.0,1.0,1.0,2.0,1.0,1.0,1.0,0.0,0.0,0.0,0.0,1.0,0.0,1.55,58.0
-0.7643469528153662,1.0,1.0,1.0,0.0,0.0,2.0,1.0,2.0,4.0,2.0,1.0,0.0,0.0,0.0,0.0,1.0,0.0,1.56,51.0
-0.3288292224724133,0.0,0.0,1.0,0.0,0.0,0.0,1.0,2.0,1.0,3.0,1.0,0.0,0.0,0.0,0.0,1.0,0.0,1.62,70.0
-0.619174376034382,0.0,1.0,0.0,0.0,0.0,2.0,0.0,2.0,3.0,2.0,1.0,0.0,0.0,0.0,0.0,1.0,0.0,1.7,65.0
0.9777239685564455,1.0,1.0,1.0,0.0,0.0,1.0,1.0,2.0,3.0,1.0,0.0,0.0,0.0,0.0,0.0,1.0,0.0,1.65,71.0
0.8325513917754612,0.0,1.0,1.0,0.0,0.0,1.0,1.0,1.0,3.0,1.0,0.0,0.0,0.0,0.0,0.0,1.0,0.0,1.62,89.0
-0.9095195295963505,0.0,1.0,0.0,0.0,0.0,1.0,1.0,2.0,3.0,1.0,2.0,1.0,0.0,0.0,0.0,1.0,0.0,1.8,68.0
0.10668850787053964,0.0,0.0,1.0,0.0,0.0,1.0,1.0,3.0,3.0,2.0,0.0,0.0,0.0,0.0,1.0,0.0,0.0,1.7,68.0
1.5584142756803827,1.0,1.0,0.0,0.0,0.0,1.0,1.0,3.0,1.0,2.0,1.0,0.0,1.0,0.0,0.0,0.0,0.0,1.68,77.0
0.3970336614325083,0.0,0.0,0.0,0.0,0.0,1.0,0.0,2.0,3.0,2.0,2.0,0.0,1.0,0.0,0.0,0.0,0.0,1.74,80.0
1.703586852461367,0.0,1.0,0.0,0.0,0.0,2.0,1.0,3.0,3.0,3.0,2.0,1.0,1.0,0.0,0.0,0.0,0.0,1.77,85.0
0.25186108465152396,0.0,1.0,1.0,0.0,0.0,1.0,1.0,2.0,3.0,2.0,1.0,1.0,0.0,0.0,0.0,1.0,0.0,1.79,72.0
2.574622313147273,0.0,1.0,1.0,0.0,0.0,1.0,1.0,2.0,3.0,2.0,0.0,0.0,0.0,1.0,0.0,0.0,0.0,1.75,118.0
-0.7643469528153662,0.0,0.0,0.0,0.0,0.0,1.0,0.0,3.0,1.0,1.0,1.0,0.0,0.0,0.0,0.0,1.0,0.0,1.7,80.0
4.026348080957116,1.0,1.0,0.0,1.0,1.0,1.0,0.0,3.0,3.0,3.0,2.0,0.0,0.0,0.0,0.0,1.0,0.0,1.59,50.0
-0.9095195295963505,1.0,1.0,1.0,0.0,0.0,2.0,0.0,3.0,3.0,2.0,0.0,1.0,0.0,0.0,0.0,1.0,0.0,1.75,57.0
-0.03848406891044468,1.0,1.0,1.0,1.0,0.0,2.0,0.0,2.0,3.0,2.0,0.0,2.0,0.0,0.0,0.0,0.0,1.0,1.67,75.0
-0.03848406891044468,1.0,0.0,0.0,0.0,1.0,3.0,0.0,3.0,4.0,3.0,3.0,0.0,1.0,0.0,0.0,0.0,0.0,1.7,56.0
-0.03848406891044468,1.0,1.0,1.0,0.0,0.0,1.0,0.0,2.0,1.0,2.0,0.0,0.0,0.0,0.0,0.0,1.0,0.0,1.63,82.0
-0.03848406891044468,0.0,0.0,0.0,0.0,0.0,0.0,1.0,3.0,3.0,2.0,2.0,1.0,1.0,0.0,0.0,0.0,0.0,1.75,69.0
-0.03848406891044468,1.0,0.0,0.0,0.0,0.0,2.0,1.0,3.0,3.0,2.0,2.0,0.0,0.0,0.0,0.0,1.0,0.0,1.75,56.0
-0.619174376034382,1.0,0.0,1.0,0.0,1.0,1.0,1.0,3.0,1.0,3.0,1.0,0.0,0.0,0.0,0.0,1.0,0.0,1.65,61.0
-0.3288292224724133,0.0,1.0,1.0,0.0,0.0,3.0,1.0,2.0,3.0,1.0,0.0,0.0,0.0,0.0,0.0,1.0,0.0,1.79,105.0
-0.9095195295963505,1.0,1.0,1.0,0.0,0.0,1.0,0.0,2.0,3.0,1.0,0.0,1.0,0.0,0.0,0.0,1.0,0.0,1.53,55.0
-0.183656645691429,0.0,1.0,1.0,0.0,0.0,3.0,1.0,2.0,3.0,1.0,0.0,1.0,1.0,0.0,0.0,0.0,0.0,1.88,90.0
-0.9095195295963505,1.0,0.0,1.0,0.0,0.0,1.0,0.0,2.0,3.0,2.0,1.0,2.0,0.0,0.0,0.0,1.0,0.0,1.6,59.0
-0.9095195295963505,0.0,0.0,1.0,0.0,0.0,3.0,0.0,2.0,3.0,2.0,3.0,1.0,0.0,0.0,0.0,1.0,0.0,1.72,62.0
5.47807384876696,1.0,0.0,1.0,0.0,0.0,3.0,2.0,3.0,3.0,2.0,1.0,1.0,0.0,0.0,0.0,1.0,0.0,1.65,66.0
-0.9095195295963505,0.0,1.0,1.0,0.0,0.0,1.0,1.0,2.0,3.0,3.0,1.0,1.0,0.0,0.0,0.0,0.0,1.0,1.8,97.0
-0.3288292224724133,0.0,0.0,0.0,0.0,0.0,0.0,0.0,1.0,3.0,2.0,2.0,0.0,0.0,0.0,0.0,1.0,0.0,1.81,80.0
-0.619174376034382,1.0,0.0,1.0,0.0,0.0,1.0,1.0,3.0,3.0,2.0,2.0,1.0,1.0,0.0,0.0,0.0,0.0,1.67,64.0
-0.3288292224724133,1.0,1.0,1.0,0.0,0.0,2.0,0.0,1.0,3.0,2.0,0.0,1.0,0.0,0.0,0.0,1.0,0.0,1.62,69.0
-0.9095195295963505,0.0,0.0,0.0,0.0,0.0,1.0,1.0,2.0,3.0,3.0,2.0,1.0,0.0,0.0,0.0,0.0,1.0,1.69,60.0
-0.03848406891044468,0.0,1.0,0.0,0.0,0.0,1.0,0.0,2.0,3.0,2.0,0.0,0.0,0.0,0.0,0.0,1.0,0.0,1.65,58.5
-0.47400179925339764,1.0,1.0,1.0,0.0,0.0,3.0,0.0,1.0,3.0,2.0,0.0,2.0,1.0,0.0,0.0,0.0,0.0,1.63,64.0
2.2842771595853044,0.0,1.0,0.0,0.0,0.0,1.0,2.0,2.0,3.0,3.0,1.0,0.0,1.0,0.0,0.0,0.0,0.0,1.78,96.0
0.5422062382134926,0.0,1.0,1.0,0.0,0.0,1.0,2.0,2.0,1.0,2.0,0.0,0.0,1.0,0.0,0.0,0.0,0.0,1.64,78.0
-0.183656645691429,0.0,0.0,0.0,0.0,0.0,1.0,1.0,3.0,3.0,3.0,2.0,0.0,0.0,0.0,0.0,1.0,0.0,1.65,56.0
-0.3288292224724133,1.0,1.0,0.0,0.0,0.0,1.0,1.0,2.0,3.0,2.0,2.0,2.0,0.0,0.0,0.0,1.0,0.0,1.5,65.0
-0.619174376034382,0.0,1.0,1.0,0.0,1.0,1.0,1.0,3.0,3.0,2.0,3.0,1.0,0.0,0.0,0.0,1.0,0.0,1.75,76.0
-0.183656645691429,0.0,0.0,1.0,0.0,0.0,1.0,1.0,2.0,1.0,2.0,2.0,1.0,0.0,0.0,0.0,1.0,0.0,1.72,82.0
-0.03848406891044468,0.0,0.0,1.0,1.0,0.0,2.0,2.0,2.0,3.0,1.0,1.0,1.0,1.0,0.0,0.0,0.0,0.0,1.74,93.5
-0.3288292224724133,0.0,1.0,1.0,0.0,0.0,2.0,1.0,3.0,3.0,1.0,2.0,0.0,0.0,0.0,0.0,1.0,0.0,1.8,75.0
0.3970336614325083,1.0,0.0,0.0,0.0,0.0,3.0,0.0,3.0,4.0,2.0,2.0,0.0,0.0,0.0,0.0,0.0,1.0,1.65,60.0
-0.03848406891044468,0.0,1.0,1.0,0.0,0.0,1.0,1.0,2.0,1.0,1.0,1.0,1.0,0.0,0.0,0.0,1.0,0.0,1.72,82.0
0.3970336614325083,0.0,1.0,0.0,0.0,0.0,2.0,2.0,3.0,1.0,2.0,2.0,0.0,0.0,0.0,0.0,1.0,0.0,1.7,70.0
-0.47400179925339764,1.0,0.0,1.0,0.0,0.0,1.0,1.0,2.0,3.0,1.0,0.0,0.0,1.0,0.0,0.0,0.0,0.0,1.5,44.0
-0.9095195295963505,1.0,0.0,1.0,0.0,0.0,1.0,0.0,2.0,1.0,3.0,1.0,1.0,0.0,0.0,0.0,1.0,0.0,1.63,65.0
-0.9095195295963505,0.0,0.0,0.0,0.0,0.0,1.0,0.0,3.0,3.0,2.0,3.0,1.0,0.0,0.0,0.0,0.0,1.0,1.9,60.0
1.9939320060233356,1.0,1.0,0.0,0.0,0.0,1.0,1.0,3.0,3.0,2.0,1.0,0.0,1.0,0.0,0.0,0.0,0.0,1.65,73.0
0.3970336614325083,0.0,1.0,1.0,1.0,0.0,2.0,2.0,3.0,3.0,2.0,2.0,2.0,0.0,0.0,0.0,1.0,0.0,1.91,84.0
-0.03848406891044468,0.0,0.0,0.0,0.0,0.0,2.0,0.0,2.0,4.0,2.0,0.0,0.0,0.0,0.0,0.0,0.0,1.0,1.68,60.0
-0.9095195295963505,0.0,1.0,1.0,0.0,1.0,3.0,1.0,3.0,1.0,2.0,1.0,2.0,0.0,0.0,0.0,1.0,0.0,1.62,69.0
-0.619174376034382,0.0,1.0,1.0,0.0,0.0,2.0,0.0,2.0,3.0,2.0,2.0,0.0,0.0,0.0,0.0,1.0,0.0,1.75,100.0
-0.7643469528153662,1.0,1.0,1.0,0.0,0.0,2.0,0.0,2.0,3.0,1.0,1.0,1.0,0.0,0.0,0.0,1.0,0.0,1.62,55.0
-0.183656645691429,1.0,1.0,0.0,0.0,0.0,1.0,0.0,3.0,3.0,2.0,0.0,0.0,0.0,0.0,0.0,1.0,0.0,1.64,56.0
-0.47400179925339764,1.0,1.0,1.0,0.0,0.0,1.0,1.0,1.0,3.0,2.0,3.0,2.0,0.0,0.0,0.0,1.0,0.0,1.54,39.0
-0.183656645691429,0.0,0.0,0.0,0.0,0.0,1.0,1.0,2.0,1.0,2.0,0.0,0.0,0.0,0.0,0.0,1.0,0.0,1.78,89.8
-0.7643469528153662,0.0,1.0,0.0,0.0,0.0,1.0,1.0,2.0,3.0,3.0,1.0,0.0,0.0,0.0,0.0,1.0,0.0,1.75,85.0
-0.03848406891044468,0.0,0.0,1.0,0.0,0.0,2.0,1.0,3.0,1.0,1.0,2.0,1.0,0.0,0.0,0.0,1.0,0.0,1.7,69.0
-0.3288292224724133,1.0,0.0,1.0,0.0,0.0,1.0,1.0,3.0,1.0,1.0,0.0,0.0,0.0,0.0,0.0,1.0,0.0,1.69,63.0
-0.47400179925339764,1.0,0.0,1.0,0.0,0.0,1.0,0.0,2.0,3.0,1.0,0.0,1.0,1.0,0.0,0.0,0.0,0.0,1.6,50.0
-0.47400179925339764,0.0,1.0,0.0,0.0,0.0,1.0,1.0,3.0,1.0,2.0,0.0,0.0,0.0,0.0,0.0,1.0,0.0,1.81,79.0
-0.3288292224724133,0.0,1.0,1.0,0.0,0.0,1.0,0.0,3.0,3.0,2.0,1.0,0.0,0.0,0.0,0.0,1.0,0.0,1.8,62.0
-0.7643469528153662,0.0,1.0,1.0,0.0,0.0,2.0,1.0,2.0,3.0,2.0,1.0,0.0,0.0,0.0,0.0,1.0,0.0,1.6,58.0
-0.3288292224724133,1.0,0.0,0.0,0.0,0.0,2.0,1.0,3.0,1.0,1.0,0.0,0.0,0.0,0.0,0.0,1.0,0.0,1.52,42.0
-0.3288292224724133,0.0,1.0,1.0,0.0,0.0,2.0,0.0,2.0,3.0,1.0,1.0,1.0,0.0,0.0,0.0,1.0,0.0,1.7,65.0
-0.3288292224724133,0.0,1.0,1.0,0.0,0.0,1.0,1.0,3.0,3.0,3.0,0.0,2.0,0.0,0.0,0.0,1.0,0.0,1.68,70.0
-0.47400179925339764,0.0,0.0,1.0,0.0,0.0,1.0,1.0,2.0,3.0,2.0,3.0,1.0,0.0,0.0,0.0,1.0,0.0,1.65,58.0
-0.3288292224724133,0.0,1.0,1.0,0.0,0.0,2.0,1.0,1.0,3.0,3.0,2.0,0.0,0.0,0.0,0.0,1.0,0.0,1.75,72.0
0.10668850787053964,1.0,0.0,0.0,0.0,0.0,1.0,1.0,2.0,3.0,3.0,1.0,1.0,0.0,0.0,0.0,0.0,1.0,1.77,76.0
2.13910458280432,0.0,0.0,1.0,0.0,0.0,2.0,2.0,3.0,3.0,2.0,0.0,0.0,1.0,0.0,0.0,0.0,0.0,1.7,78.0
-0.03848406891044468,0.0,1.0,0.0,0.0,0.0,2.0,1.0,3.0,4.0,1.0,0.0,0.0,0.0,0.0,0.0,1.0,0.0,1.72,76.0
-0.03848406891044468,1.0,1.0,0.0,1.0,0.0,1.0,1.0,3.0,1.0,3.0,1.0,2.0,0.0,0.0,0.0,1.0,0.0,1.63,83.0
-0.183656645691429,0.0,0.0,0.0,0.0,0.0,1.0,0.0,2.0,3.0,3.0,1.0,1.0,0.0,0.0,0.0,1.0,0.0,1.75,70.0
-0.03848406891044468,1.0,0.0,1.0,0.0,0.0,2.0,1.0,2.0,4.0,2.0,2.0,1.0,1.0,0.0,0.0,0.0,0.0,1.6,52.0
-0.3288292224724133,1.0,0.0,1.0,0.0,0.0,1.0,1.0,2.0,1.0,2.0,0.0,2.0,0.0,0.0,0.0,1.0,0.0,1.54,56.0
-0.47400179925339764,0.0,1.0,1.0,0.0,0.0,1.0,1.0,3.0,4.0,3.0,2.0,0.0,0.0,0.0,0.0,0.0,1.0,1.9,91.0
-0.3288292224724133,0.0,0.0,1.0,0.0,0.0,1.0,0.0,2.0,3.0,1.0,1.0,0.0,0.0,0.0,0.0,1.0,0.0,1.72,75.0
-0.9095195295963505,1.0,0.0,1.0,0.0,0.0,1.0,0.0,3.0,3.0,1.0,0.0,2.0,0.0,0.0,0.0,1.0,0.0,1.56,51.0
-0.3288292224724133,1.0,1.0,1.0,1.0,0.0,3.0,1.0,3.0,3.0,2.0,2.0,0.0,0.0,0.0,0.0,1.0,0.0,1.63,60.0
1.4132416988993985,0.0,0.0,0.0,0.0,0.0,1.0,1.0,2.0,3.0,2.0,3.0,1.0,1.0,0.0,0.0,0.0,0.0,1.76,66.5
1.1228965453374298,0.0,1.0,0.0,0.0,1.0,3.0,0.0,3.0,3.0,3.0,3.0,0.0,0.0,1.0,0.0,0.0,0.0,1.76,75.0
-0.183656645691429,0.0,0.0,1.0,0.0,0.0,0.0,1.0,2.0,1.0,2.0,0.0,0.0,0.0,0.0,0.0,1.0,0.0,1.67,62.0
0.10668850787053964,0.0,1.0,1.0,0.0,0.0,1.0,1.0,2.0,3.0,2.0,1.0,0.0,1.0,0.0,0.0,0.0,0.0,1.7,75.0
-0.47400179925339764,0.0,1.0,1.0,0.0,0.0,2.0,1.0,3.0,3.0,1.0,0.0,0.0,0.0,0.0,0.0,1.0,0.0,1.72,70.0
-0.7643469528153662,1.0,0.0,1.0,0.0,0.0,1.0,1.0,3.0,3.0,1.0,0.0,0.0,1.0,0.0,0.0,0.0,0.0,1.62,50.0
0.10668850787053964,0.0,1.0,1.0,0.0,0.0,1.0,2.0,3.0,3.0,2.0,1.0,1.0,0.0,0.0,0.0,1.0,0.0,1.78,64.0
-0.7643469528153662,0.0,1.0,1.0,0.0,0.0,1.0,1.0,3.0,3.0,2.0,3.0,0.0,0.0,0.0,0.0,1.0,0.0,1.7,55.3
-0.7643469528153662,1.0,1.0,1.0,0.0,0.0,2.0,0.0,3.0,3.0,1.0,1.0,2.0,0.0,0.0,0.0,1.0,0.0,1.55,50.0
-0.3288292224724133,1.0,1.0,1.0,0.0,0.0,2.0,0.0,2.0,3.0,1.0,1.0,1.0,0.0,0.0,0.0,1.0,0.0,1.66,57.0
0.3970336614325083,0.0,0.0,1.0,1.0,0.0,1.0,1.0,2.0,3.0,1.0,0.0,0.0,0.0,0.0,0.0,1.0,0.0,1.7,70.0
-0.03848406891044468,0.0,1.0,1.0,0.0,0.0,1.0,1.0,3.0,1.0,1.0,1.0,1.0,0.0,0.0,0.0,1.0,0.0,1.77,60.0
1.703586852461367,1.0,1.0,0.0,0.0,0.0,2.0,0.0,3.0,3.0,1.0,0.0,1.0,1.0,0.0,0.0,0.0,0.0,1.53,45.0
-0.3288292224724133,1.0,1.0,1.0,0.0,0.0,1.0,1.0,2.0,3.0,2.0,1.0,0.0,0.0,0.0,0.0,1.0,0.0,1.67,75.0
-0.7643469528153662,1.0,1.0,1.0,0.0,0.0,3.0,1.0,2.0,1.0,2.0,1.0,0.0,0.0,0.0,0.0,0.0,1.0,1.6,56.0
-0.7643469528153662,1.0,0.0,0.0,0.0,0.0,1.0,0.0,1.0,3.0,1.0,1.0,2.0,0.0,0.0,0.0,1.0,0.0,1.59,53.0
-0.03848406891044468,1.0,1.0,0.0,0.0,0.0,2.0,1.0,3.0,3.0,2.0,3.0,0.0,0.0,0.0,0.0,0.0,1.0,1.6,63.0
-0.7643469528153662,0.0,0.0,0.0,0.0,0.0,1.0,1.0,3.0,3.0,2.0,1.0,1.0,0.0,0.0,0.0,1.0,0.0,1.79,52.0
1.4132416988993985,0.0,1.0,1.0,0.0,0.0,3.0,2.0,2.0,1.0,2.0,1.0,2.0,1.0,0.0,0.0,0.0,0.0,1.83,113.0
-0.47400179925339764,0.0,0.0,0.0,0.0,0.0,1.0,0.0,2.0,3.0,2.0,1.0,1.0,0.0,0.0,0.0,1.0,0.0,1.83,66.0
-0.7643469528153662,0.0,1.0,1.0,0.0,0.0,2.0,0.0,3.0,3.0,2.0,3.0,2.0,0.0,0.0,0.0,0.0,1.0,1.78,64.4
-0.3288292224724133,1.0,0.0,1.0,0.0,1.0,3.0,0.0,1.0,3.0,2.0,3.0,0.0,1.0,0.0,0.0,0.0,0.0,1.66,59.0
0.9777239685564455,0.0,1.0,0.0,0.0,1.0,0.0,1.0,2.0,3.0,2.0,1.0,0.0,0.0,0.0,0.0,0.0,1.0,1.75,73.0
0.10668850787053964,1.0,1.0,0.0,0.0,0.0,1.0,0.0,2.0,1.0,2.0,0.0,0.0,0.0,0.0,0.0,1.0,0.0,1.5,63.0
-1.054692106377335,1.0,0.0,0.0,0.0,0.0,1.0,0.0,2.0,1.0,1.0,0.0,1.0,0.0,0.0,0.0,0.0,1.0,1.66,58.0
-0.7643469528153662,1.0,0.0,0.0,0.0,0.0,1.0,0.0,2.0,1.0,1.0,0.0,2.0,0.0,0.0,0.0,1.0,0.0,1.62,68.0
-0.47400179925339764,0.0,1.0,0.0,0.0,0.0,1.0,2.0,2.0,1.0,3.0,0.0,0.0,1.0,0.0,0.0,0.0,0.0,1.67,78.0
-0.7643469528153662,1.0,1.0,1.0,0.0,0.0,2.0,1.0,2.0,3.0,1.0,1.0,1.0,0.0,0.0,0.0,1.0,0.0,1.6,51.0
-0.7643469528153662,1.0,0.0,1.0,0.0,0.0,1.0,2.0,2.0,3.0,1.0,0.0,0.0,1.0,0.0,0.0,0.0,0.0,1.56,55.0
-1.054692106377335,1.0,0.0,1.0,0.0,0.0,3.0,1.0,2.0,4.0,2.0,0.0,1.0,0.0,0.0,0.0,1.0,0.0,1.57,49.0
-0.9095195295963505,0.0,1.0,0.0,0.0,0.0,1.0,1.0,2.0,3.0,1.0,3.0,2.0,0.0,0.0,0.0,0.0,1.0,1.75,70.0
-0.03848406891044468,0.0,1.0,1.0,0.0,0.0,1.0,1.0,2.0,3.0,2.0,0.0,1.0,0.0,0.0,0.0,0.0,1.0,1.72,66.0
2.574622313147273,1.0,1.0,1.0,0.0,0.0,3.0,1.0,2.0,3.0,1.0,0.0,0.0,1.0,0.0,0.0,0.0,0.0,1.54,80.0
4.607038388081054,0.0,0.0,1.0,0.0,0.0,1.0,0.0,2.0,3.0,2.0,1.0,0.0,1.0,0.0,0.0,0.0,0.0,1.65,80.0
-0.3288292224724133,0.0,1.0,1.0,1.0,0.0,1.0,2.0,2.0,3.0,2.0,1.0,1.0,0.0,0.0,0.0,1.0,0.0,1.66,62.0
-0.3288292224724133,0.0,0.0,0.0,0.0,1.0,2.0,2.0,2.0,3.0,3.0,3.0,1.0,1.0,0.0,0.0,0.0,0.0,1.71,75.0
-0.47400179925339764,0.0,0.0,1.0,0.0,0.0,1.0,1.0,2.0,3.0,2.0,1.0,0.0,0.0,0.0,0.0,1.0,0.0,1.6,56.0
-1.054692106377335,1.0,0.0,0.0,0.0,0.0,1.0,0.0,2.0,1.0,1.0,0.0,1.0,0.0,0.0,0.0,0.0,1.0,1.66,58.0
-0.7643469528153662,1.0,1.0,1.0,0.0,0.0,2.0,1.0,1.0,3.0,1.0,0.0,1.0,0.0,0.0,0.0,1.0,0.0,1.67,91.0
0.25186108465152396,1.0,0.0,1.0,0.0,0.0,1.0,1.0,2.0,1.0,2.0,2.0,0.0,0.0,0.0,0.0,1.0,0.0,1.57,55.0
-0.03848406891044468,1.0,1.0,0.0,0.0,1.0,0.0,0.0,3.0,3.0,2.0,2.0,1.0,0.0,0.0,0.0,1.0,0.0,1.63,55.0
-1.054692106377335,1.0,1.0,1.0,0.0,0.0,1.0,0.0,1.0,1.0,2.0,0.0,0.0,0.0,0.0,0.0,1.0,0.0,1.61,65.0
-0.3288292224724133,1.0,1.0,0.0,1.0,1.0,1.0,1.0,3.0,3.0,3.0,3.0,0.0,0.0,0.0,0.0,1.0,0.0,1.52,56.0
-0.7643469528153662,0.0,1.0,1.0,0.0,1.0,1.0,1.0,3.0,4.0,2.0,2.0,0.0,1.0,0.0,0.0,0.0,0.0,1.84,60.0
-0.619174376034382,0.0,1.0,1.0,0.0,0.0,2.0,2.0,2.0,3.0,3.0,1.0,2.0,0.0,0.0,0.0,1.0,0.0,1.76,79.0
-0.3288292224724133,1.0,0.0,1.0,0.0,0.0,1.0,1.0,2.0,3.0,2.0,0.0,0.0,0.0,0.0,0.0,1.0,0.0,1.55,50.0
-0.619174376034382,1.0,0.0,0.0,0.0,1.0,1.0,0.0,3.0,3.0,2.0,0.0,0.0,0.0,0.0,0.0,1.0,0.0,1.63,58.0
-0.03848406891044468,1.0,1.0,1.0,1.0,0.0,1.0,2.0,2.0,1.0,2.0,1.0,0.0,0.0,0.0,0.0,1.0,0.0,1.6,78.0
-0.183656645691429,0.0,0.0,1.0,0.0,0.0,2.0,1.0,2.0,4.0,2.0,2.0,0.0,0.0,0.0,0.0,1.0,0.0,1.65,62.0
-0.03848406891044468,0.0,0.0,1.0,0.0,0.0,2.0,0.0,2.0,3.0,1.0,3.0,2.0,0.0,0.0,0.0,1.0,0.0,1.74,53.0
1.4132416988993985,0.0,1.0,1.0,0.0,0.0,1.0,1.0,2.0,1.0,2.0,3.0,0.0,1.0,0.0,0.0,0.0,0.0,1.72,83.0
-0.47400179925339764,1.0,1.0,0.0,0.0,1.0,3.0,2.0,3.0,3.0,2.0,0.0,1.0,0.0,0.0,0.0,1.0,0.0,1.61,64.0
-0.619174376034382,1.0,0.0,0.0,0.0,1.0,1.0,2.0,2.0,3.0,1.0,2.0,0.0,0.0,0.0,0.0,1.0,0.0,1.53,42.0
-0.619174376034382,0.0,0.0,1.0,0.0,0.0,1.0,1.0,3.0,3.0,2.0,1.0,1.0,0.0,0.0,0.0,1.0,0.0,1.71,71.0
-0.03848406891044468,1.0,0.0,1.0,0.0,0.0,1.0,0.0,3.0,1.0,2.0,2.0,2.0,0.0,0.0,0.0,1.0,0.0,1.64,52.0
-0.9095195295963505,0.0,0.0,1.0,0.0,0.0,3.0,1.0,3.0,3.0,2.0,3.0,1.0,0.0,0.0,0.0,1.0,0.0,1.7,55.0
-0.7643469528153662,0.0,1.0,1.0,0.0,1.0,2.0,1.0,3.0,3.0,3.0,1.0,1.0,1.0,0.0,0.0,0.0,0.0,1.87,67.0
-0.183656645691429,0.0,0.0,1.0,0.0,0.0,1.0,0.0,3.0,3.0,2.0,3.0,0.0,0.0,1.0,0.0,0.0,0.0,1.6,66.0
2.574622313147273,0.0,0.0,1.0,0.0,0.0,1.0,2.0,2.0,3.0,2.0,2.0,1.0,1.0,0.0,0.0,0.0,0.0,1.8,99.0
0.3970336614325083,0.0,0.0,1.0,0.0,0.0,3.0,1.0,2.0,3.0,2.0,0.0,0.0,0.0,0.0,0.0,1.0,0.0,1.7,72.0
-0.183656645691429,1.0,1.0,1.0,0.0,1.0,2.0,0.0,2.0,3.0,2.0,1.0,0.0,1.0,0.0,0.0,0.0,0.0,1.65,65.0
1.9939320060233356,1.0,1.0,1.0,0.0,0.0,2.0,1.0,2.0,3.0,1.0,0.0,0.0,0.0,0.0,1.0,0.0,0.0,1.5,75.0
0.25186108465152396,0.0,1.0,1.0,0.0,0.0,2.0,1.0,2.0,3.0,2.0,0.0,0.0,0.0,0.0,1.0,0.0,0.0,1.71,71.0
0.8325513917754612,1.0,1.0,0.0,0.0,0.0,3.0,1.0,3.0,3.0,2.0,0.0,0.0,1.0,0.0,0.0,0.0,0.0,1.74,72.0
-0.619174376034382,0.0,1.0,0.0,0.0,0.0,1.0,1.0,3.0,1.0,3.0,3.0,1.0,0.0,0.0,0.0,0.0,1.0,1.74,74.0
-0.619174376034382,1.0,0.0,1.0,0.0,0.0,1.0,0.0,3.0,1.0,2.0,0.0,1.0,0.0,0.0,0.0,1.0,0.0,1.54,42.0
0.9777239685564455,0.0,1.0,1.0,0.0,0.0,1.0,1.0,3.0,3.0,1.0,2.0,0.0,1.0,0.0,0.0,0.0,0.0,1.77,109.0
0.10668850787053964,1.0,1.0,1.0,0.0,0.0,3.0,1.0,1.0,3.0,2.0,0.0,2.0,0.0,0.0,0.0,1.0,0.0,1.56,60.0
-0.619174376034382,1.0,0.0,1.0,0.0,0.0,1.0,1.0,2.0,3.0,1.0,0.0,0.0,0.0,0.0,0.0,1.0,0.0,1.5,45.0
0.5422062382134926,1.0,0.0,1.0,0.0,0.0,1.0,1.0,2.0,3.0,1.0,0.0,1.0,1.0,0.0,0.0,0.0,0.0,1.55,63.0
1.4132416988993985,0.0,1.0,1.0,1.0,0.0,1.0,1.0,2.0,3.0,3.0,1.0,0.0,1.0,0.0,0.0,0.0,0.0,1.85,99.0
-0.183656645691429,1.0,0.0,0.0,0.0,0.0,3.0,0.0,3.0,4.0,3.0,2.0,0.0,0.0,0.0,0.0,1.0,0.0,1.6,55.0
-0.619174376034382,0.0,0.0,1.0,0.0,0.0,1.0,1.0,2.0,1.0,2.0,2.0,1.0,0.0,0.0,0.0,1.0,0.0,1.8,80.0
-0.3288292224724133,1.0,1.0,1.0,0.0,0.0,1.0,1.0,3.0,3.0,3.0,0.0,1.0,0.0,0.0,0.0,0.0,1.0,1.61,54.5
-0.3288292224724133,0.0,0.0,1.0,0.0,0.0,0.0,1.0,2.0,1.0,3.0,1.0,0.0,0.0,0.0,0.0,1.0,0.0,1.62,70.0
1.4132416988993985,1.0,1.0,1.0,0.0,0.0,1.0,0.0,2.0,3.0,2.0,1.0,1.0,0.0,0.0,0.0,1.0,0.0,1.63,62.0
-0.7643469528153662,1.0,1.0,1.0,0.0,0.0,2.0,1.0,1.0,3.0,1.0,1.0,0.0,0.0,0.0,0.0,1.0,0.0,1.63,51.0
0.25186108465152396,0.0,1.0,0.0,0.0,0.0,1.0,0.0,2.0,3.0,3.0,3.0,2.0,0.0,0.0,0.0,1.0,0.0,1.78,98.0
3.1553126202712103,1.0,1.0,1.0,0.0,0.0,2.0,0.0,2.0,3.0,1.0,0.0,0.0,1.0,0.0,0.0,0.0,0.0,1.63,77.0
-0.9095195295963505,1.0,1.0,1.0,0.0,0.0,1.0,0.0,3.0,1.0,2.0,1.0,1.0,0.0,0.0,0.0,0.0,1.0,1.65,67.0
-0.47400179925339764,1.0,1.0,0.0,0.0,0.0,1.0,1.0,3.0,3.0,2.0,1.0,0.0,0.0,0.0,0.0,0.0,1.0,1.66,60.0
-0.7643469528153662,0.0,1.0,1.0,0.0,0.0,2.0,1.0,3.0,3.0,2.0,2.0,1.0,0.0,0.0,0.0,1.0,0.0,1.87,173.0
-0.619174376034382,1.0,1.0,0.0,0.0,0.0,0.0,0.0,2.0,1.0,2.0,2.0,0.0,0.0,0.0,0.0,1.0,0.0,1.69,70.0
4.752210964862038,0.0,1.0,0.0,1.0,0.0,1.0,2.0,2.0,3.0,2.0,1.0,0.0,1.0,0.0,0.0,0.0,0.0,1.79,90.0
4.1715206577381005,1.0,1.0,1.0,1.0,0.0,1.0,0.0,3.0,1.0,2.0,0.0,0.0,1.0,0.0,0.0,0.0,0.0,1.69,87.0
-0.9095195295963505,0.0,1.0,1.0,0.0,0.0,3.0,1.0,1.0,3.0,2.0,1.0,1.0,0.0,0.0,0.0,1.0,0.0,1.66,56.0
-0.47400179925339764,0.0,1.0,0.0,1.0,0.0,1.0,1.0,3.0,3.0,1.0,2.0,1.0,0.0,0.0,0.0,1.0,0.0,1.83,72.0
-1.054692106377335,0.0,1.0,1.0,0.0,0.0,2.0,0.0,2.0,1.0,3.0,1.0,0.0,0.0,0.0,0.0,1.0,0.0,1.67,50.0
-0.7643469528153662,0.0,1.0,1.0,0.0,0.0,1.0,1.0,2.0,3.0,2.0,0.0,2.0,0.0,0.0,0.0,1.0,0.0,1.72,53.0
0.3970336614325083,0.0,1.0,1.0,1.0,1.0,2.0,1.0,3.0,1.0,2.0,2.0,0.0,0.0,0.0,0.0,1.0,0.0,1.75,80.0
-1.054692106377335,1.0,0.0,1.0,0.0,0.0,2.0,0.0,2.0,3.0,2.0,1.0,1.0,0.0,0.0,0.0,1.0,0.0,1.55,45.0
-0.619174376034382,0.0,1.0,0.0,0.0,0.0,2.0,0.0,2.0,3.0,2.0,1.0,0.0,0.0,0.0,0.0,1.0,0.0,1.82,75.0
1.4132416988993985,0.0,0.0,0.0,0.0,1.0,1.0,1.0,2.0,3.0,2.0,1.0,0.0,0.0,0.0,0.0,1.0,0.0,1.75,85.0
-0.03848406891044468,0.0,0.0,0.0,0.0,0.0,1.0,0.0,3.0,3.0,2.0,3.0,0.0,0.0,0.0,0.0,1.0,0.0,1.65,66.0
-0.619174376034382,0.0,0.0,0.0,0.0,1.0,1.0,0.0,2.0,3.0,3.0,1.0,2.0,0.0,0.0,0.0,1.0,0.0,1.85,115.0
-0.47400179925339764,0.0,0.0,1.0,0.0,0.0,3.0,1.0,3.0,4.0,3.0,2.0,0.0,0.0,0.0,0.0,1.0,0.0,1.8,75.0
1.2680691221184142,1.0,1.0,1.0,0.0,0.0,1.0,1.0,3.0,1.0,2.0,2.0,0.0,1.0,0.0,0.0,0.0,0.0,1.67,90.0
-0.47400179925339764,1.0,1.0,1.0,0.0,0.0,2.0,0.0,2.0,4.0,2.0,1.0,1.0,0.0,0.0,0.0,1.0,0.0,1.58,53.0
0.9777239685564455,1.0,1.0,1.0,0.0,0.0,1.0,1.0,3.0,3.0,2.0,2.0,0.0,1.0,0.0,0.0,0.0,0.0,1.62,59.0
1.4132416988993985,1.0,1.0,0.0,0.0,0.0,1.0,1.0,2.0,3.0,2.0,1.0,0.0,0.0,0.0,0.0,1.0,0.0,1.56,48.0
-0.03848406891044468,0.0,0.0,0.0,0.0,0.0,1.0,2.0,2.0,3.0,2.0,3.0,1.0,0.0,0.0,0.0,1.0,0.0,1.72,70.0
-0.7643469528153662,1.0,0.0,1.0,0.0,0.0,1.0,0.0,3.0,3.0,1.0,0.0,2.0,1.0,0.0,0.0,0.0,0.0,1.62,58.0
-0.619174376034382,0.0,1.0,1.0,0.0,0.0,1.0,0.0,2.0,3.0,2.0,0.0,0.0,0.0,0.0,0.0,1.0,0.0,1.82,87.0
-0.619174376034382,0.0,0.0,1.0,0.0,0.0,3.0,1.0,2.0,3.0,1.0,1.0,1.0,0.0,0.0,0.0,1.0,0.0,1.69,60.0
-0.9095195295963505,1.0,0.0,1.0,0.0,0.0,2.0,1.0,3.0,4.0,1.0,2.0,1.0,0.0,0.0,0.0,1.0,0.0,1.8,50.0
-0.3288292224724133,0.0,1.0,1.0,0.0,0.0,1.0,1.0,2.0,3.0,2.0,1.0,0.0,0.0,0.0,0.0,1.0,0.0,1.65,53.0
-0.183656645691429,0.0,1.0,1.0,0.0,0.0,2.0,0.0,3.0,3.0,1.0,1.0,0.0,1.0,0.0,0.0,0.0,0.0,1.74,75.0
-0.03848406891044468,0.0,1.0,1.0,0.0,0.0,2.0,2.0,1.0,3.0,2.0,0.0,2.0,0.0,0.0,0.0,1.0,0.0,1.87,95.0
-0.7643469528153662,1.0,1.0,1.0,0.0,0.0,1.0,0.0,3.0,3.0,2.0,1.0,0.0,0.0,0.0,0.0,1.0,0.0,1.71,75.0
-0.183656645691429,0.0,1.0,0.0,0.0,0.0,1.0,0.0,2.0,3.0,2.0,3.0,2.0,0.0,0.0,0.0,0.0,1.0,1.65,80.0
1.703586852461367,0.0,1.0,1.0,0.0,0.0,0.0,2.0,3.0,1.0,3.0,3.0,1.0,1.0,0.0,0.0,0.0,0.0,1.78,105.0
-0.183656645691429,1.0,1.0,0.0,0.0,1.0,0.0,1.0,3.0,3.0,3.0,2.0,1.0,0.0,0.0,0.0,1.0,0.0,1.67,50.0
0.25186108465152396,1.0,0.0,1.0,0.0,0.0,1.0,1.0,2.0,1.0,2.0,2.0,0.0,0.0,0.0,0.0,1.0,0.0,1.57,55.0
-0.03848406891044468,0.0,0.0,1.0,0.0,0.0,1.0,1.0,2.0,3.0,3.0,0.0,1.0,0.0,0.0,0.0,1.0,0.0,1.82,107.0
-0.7643469528153662,0.0,1.0,1.0,0.0,0.0,1.0,0.0,2.0,3.0,2.0,3.0,2.0,0.0,0.0,0.0,0.0,1.0,1.82,80.0
-0.619174376034382,1.0,1.0,1.0,0.0,0.0,1.0,0.0,2.0,1.0,3.0,3.0,1.0,0.0,0.0,0.0,1.0,0.0,1.76,80.0
-0.3288292224724133,1.0,0.0,1.0,0.0,1.0,2.0,1.0,2.0,4.0,2.0,2.0,0.0,1.0,0.0,0.0,0.0,0.0,1.55,57.0
